City,County,Zip Code,Inv. Location
      Allamuchy,Warren,07820,RT Clifton
      Branchburg,Somerset,08876,RT North Brunswick
      Frelinghuysen,Warren,07821,RT Clifton
      Hackettstown,Warren,07840,RT Clifton
      Harmony,Warren,08865,RT Clifton
      Hillsborough,Somerset,08844,RT North Brunswick
      Hope,Warren,07844,RT Clifton
      Knowlton,Warren,07832,RT Clifton
      Liberty,Warren,07838,RT Clifton
      Mansfield,Warren,07865,RT Clifton
      Plainsboro,Middlesex,08536,RT North Brunswick
      Pohatcong,Warren,08865,RT Clifton
      Washington,Warren,07882,RT Clifton
      West Windsor,Mercer,08550,RT North Brunswick
      White,Warren,07823,RT Clifton
     Alpha,Warren,08665,RT Clifton
     Belvidere,Warren,07823,RT Clifton
     Blairstown,Warren,07825,RT Clifton
     Greenwich,Warren,08886,RT Clifton
     Hardwick,Warren,07825,RT Clifton
     Independence,Warren,07840,RT Clifton
     Lawrence,Mercer,08648,RT North Brunswick
     Lopatcong,Warren,08865,RT Clifton
     Oxford,Warren,07863,RT Clifton
     Phillipsburg,Warren,08865,RT Clifton
Aberdeen,Monmouth,07747,RT North Brunswick
ABINGTON,Montgomery,19001,RT Cherry Hill
ABINGTON,Montgomery,19001,RT Cherry Hill
Absecon,Atlantic,08201,RT Cherry Hill
Absecon,Atlantic,08205,RT Cherry Hill
Adelphia,Monmouth,07710,RT North Brunswick
Aldan,Delaware,19018,RT Cherry Hill
Aldan,Delaware,19018,RT Cherry Hill
Alexandria,Hunterdon,08822,RT North Brunswick
Allamuchy,Warren,07820,RT Clifton
Allendale,Bergen,07401,RT Clifton
Allenhurst,Monmouth,07711,RT North Brunswick
Allentown,Monmouth,08501,RT North Brunswick
allenwood,Monmouth,08720,RT North Brunswick
Alloway,Salem,08001,RT Cherry Hill
Alpha,Warren,08665,RT Clifton
Alpine,Bergen,07602,RT Clifton
AMBLER,Montgomery,19002,RT Cherry Hill
AMBLER,Montgomery,19002,RT Cherry Hill
Andalusia,Bucks,19020,RT Cherry Hill
Andover,Sussex,07821,RT Clifton
Annandale,Hunterdon,08801,RT North Brunswick
ARDMORE,Montgomery,19003,RT Cherry Hill
ARDMORE,Montgomery,19003,RT Cherry Hill
Asbury,Hunterdon,08802,RT North Brunswick
Asbury Park,Monmouth,07712,RT North Brunswick
Aston,Delaware,19014,RT Cherry Hill
Aston,Delaware,19014,RT Cherry Hill
Atco,Camden,08004,RT Cherry Hill
Atglen,Chester,19310,RT Cherry Hill
Atglen,Chester,19310,RT Cherry Hill
Atlantic City,Atlantic,08401,RT Cherry Hill
Atlantic City,Atlantic,08404,RT Cherry Hill
Atlantic City,Atlantic,08405,RT Cherry Hill
Atlantic Highlands,Monmouth,07716,RT North Brunswick
Audubon,Camden,08106,RT Cherry Hill
AUDUBON,Montgomery,19407,RT Cherry Hill
AUDUBON,Montgomery,19407,RT Cherry Hill
Audubon Park,Camden,08004,RT Cherry Hill
Augusta,Sussex,07822,RT Clifton
Avalon,Cape May,08202,RT Cherry Hill
Avenel,Middlesex,07001,RT North Brunswick
Avon By The Sea,Monmouth,07717,RT North Brunswick
Avondale,Chester,19311,RT Cherry Hill
Avondale,Chester,19311,RT Cherry Hill
BALA CYNWYD,Montgomery,19004,RT Cherry Hill
BALA CYNWYD,Montgomery,19004,RT Cherry Hill
Baptistown,Hunterdon,08803,RT North Brunswick
Barnegat,Ocean,08005,RT Cherry Hill
Barnegat Light,Ocean,08006,RT Cherry Hill
Barrington,Camden,08007,RT Cherry Hill
Basking Ridge,Somerset,07920,RT North Brunswick
Bass River,Burlington,08227,RT Cherry Hill
Bay Head,Ocean,08742,RT Cherry Hill
Bayonne,Hudson,07002,RT North Brunswick
Bayville,Ocean,08721,RT Cherry Hill
Beach Haven,Ocean,08008,RT Cherry Hill
Beachwood,Ocean,08722,RT Cherry Hill
Bedminster,Bucks,18910,RT Cherry Hill
Bedminster,Somerset,07921,RT North Brunswick
Bedminster,Somerset,07921,RT North Brunswick
Belford,Monmouth,07718,RT North Brunswick
Belle Mead,Somerset,08502,RT North Brunswick
Belleville,Essex,07109,RT Clifton
Bellmawr,Camden,08031,RT Cherry Hill
Bellmawr,Camden,08099,RT Cherry Hill
Belmar,Monmouth,07715,RT North Brunswick
Belmar,Monmouth,07719,RT North Brunswick
Belvidere,Warren,07823,RT Clifton
Benards,Somerset,O7920,RT North Brunswick
Benardsville,Somerset,O7924,RT North Brunswick
Bensalem,Bucks,19020,RT Cherry Hill
Bensalem,Bucks,19021,RT Cherry Hill
Bensalem,Bucks,19020,RT Cherry Hill
Bensalem,Bucks,19021,RT Cherry Hill
Bergenfield,Bergen,07621,RT Clifton
Berkeley Heights,Union,O7923,RT North Brunswick
Berlin,Camden,08009,RT Cherry Hill
Berwyn,Chester,19312,RT Cherry Hill
Berwyn,Chester,19312,RT Cherry Hill
Bethlehem,Hunterdon,08802,RT North Brunswick
Beverly,Burlington,08010,RT Cherry Hill
Birchrunville,Chester,19421,RT Cherry Hill
Birchrunville,Chester,19421,RT Cherry Hill
Birmingham,Burlington,08011,RT Cherry Hill
Blackwood,Camden,08019,RT Cherry Hill
Blairstown,Warren,07825,RT Clifton
Blawenburg,Somerset,08504,RT North Brunswick
Blawenburg,Somerset,08504,RT North Brunswick
Bloomfield,Essex,07003,RT Clifton
Blooming Glen,Bucks,18911,RT Cherry Hill
Bloomingdale,Passaic,07403,RT Clifton
Bloomsbury,Hunterdon,08804,RT North Brunswick
BLUE BELL,Montgomery,19422,RT Cherry Hill
BLUE BELL,Montgomery,19424,RT Cherry Hill
BLUE BELL,Montgomery,19422,RT Cherry Hill
BLUE BELL,Montgomery,19424,RT Cherry Hill
Bogota,Bergen,07603,RT Clifton
Boonton,Morris,07005,RT Clifton
Boothwyn,Delaware,19061,RT Cherry Hill
Boothwyn,Delaware,19061,RT Cherry Hill
Bordentown,Burlington,08505,RT Cherry Hill
Bound Brook,Somerset,08805,RT North Brunswick
Bound Brook,Somerset,08805,RT North Brunswick
Bradley Beach,Monmouth,07720,RT North Brunswick
Branchburg,Somerset,08876,RT North Brunswick
Branchville,Sussex,07826,RT Clifton
Branchville,Sussex,07890,RT Clifton
Brandamore,Chester,19316,RT Cherry Hill
Brandamore,Chester,19316,RT Cherry Hill
Briarcliff,Delaware,19036,RT Cherry Hill
Briarcliff,Delaware,19036,RT Cherry Hill
Brick,Ocean,08723,RT Cherry Hill
Brick,Ocean,08724,RT Cherry Hill
Bridgeport,Gloucester,08014,RT Cherry Hill
BRIDGEPORT,Montgomery,19405,RT Cherry Hill
BRIDGEPORT,Montgomery,19405,RT Cherry Hill
Bridgeton,Cumberland,08302,RT Cherry Hill
Bridgewater,Somerset,08807,RT North Brunswick
Bridgewater Farms,Delaware,19014,RT Cherry Hill
Bridgewater Farms,Delaware,19014,RT Cherry Hill
Brielle,Monmouth,08730,RT North Brunswick
Brigantine,Atlantic,08203,RT Cherry Hill
Bristol,Bucks,19007,RT Cherry Hill
Bristol,Bucks,19007,RT Cherry Hill
Broadway,Warren,08808,RT Clifton
Broadway,Warren,08808,RT Clifton
Brookhaven,Delaware,19015,RT Cherry Hill
Brookhaven,Delaware,19015,RT Cherry Hill
Brooklawn,Camden,08010,RT Cherry Hill
Brookside,Morris,07926,RT Clifton
Broomall,Delaware,19008,RT Cherry Hill
Broomall,Delaware,19008,RT Cherry Hill
Browns Mills,Burlington,08015,RT Cherry Hill
BRYN ATHYN,Montgomery,19009,RT Cherry Hill
BRYN ATHYN,Montgomery,19009,RT Cherry Hill
Bryn Mawr,Delaware,19010,RT Cherry Hill
Bryn Mawr,Delaware,19010,RT Cherry Hill
Buckingham,Bucks,18912,RT Cherry Hill
Buckingham,Bucks,18912,RT Cherry Hill
Budd Lake,Morris,07828,RT Clifton
Buena,Atlantic,08310,RT Cherry Hill
Buena Vista,Atlantic,08310,RT Cherry Hill
Bulltown,Chester,19520,RT Cherry Hill
Bulltown,Chester,19520,RT Cherry Hill
Burlington,Burlington,08016,RT Cherry Hill
Butler,Morris,07405,RT Clifton
Buttzville,Warren,07829,RT Clifton
Buttzville,Warren,07829,RT Clifton
Byram,Sussex,07874,RT Clifton
Bywood,Delaware,19082,RT Cherry Hill
Bywood,Delaware,19082,RT Cherry Hill
Caldwell,Essex,07006,RT Clifton
Califon,Hunterdon,07830,RT North Brunswick
Camden,Camden,08101,RT Cherry Hill
Camden,Camden,08102,RT Cherry Hill
Camden,Camden,08103,RT Cherry Hill
Camden,Camden,08104,RT Cherry Hill
Camden,Camden,08105,RT Cherry Hill
Cape May,Cape May,08204,RT Cherry Hill
Cape May Court House,Cape May,08210,RT Cherry Hill
Cape May Point,Cape May,08212,RT Cherry Hill
Carlstadt,Bergen,07072,RT Clifton
Carneys Point,Salem,08069,RT Cherry Hill
Carteret,Middlesex,07008,RT North Brunswick
Carversville,Bucks,18913,RT Cherry Hill
Carversville,Bucks,18913,RT Cherry Hill
Cedar Brook,Camden,08018,RT Cherry Hill
Cedar Grove,Essex,07009,RT Clifton
CEDARS,Montgomery,19423,RT Cherry Hill
CEDARS,Montgomery,19423,RT Cherry Hill
Cedarville,Cumberland,08311,RT Cherry Hill
Ceder Knolls,Morris,07927,RT Clifton
Chadds Ford,Delaware,19317,RT Cherry Hill
Chadds Ford,Delaware,19317,RT Cherry Hill
Chalfont,Bucks,18914,RT Cherry Hill
Changewater,Warren,07831,RT Clifton
Changewater,Warren,07831,RT Clifton
Chatam,Morris,07928,RT Clifton
Chatham,Chester,19318,RT Cherry Hill
Chatham,Chester,19318,RT Cherry Hill
Chatsworth,Burlington,08016,RT Cherry Hill
CHELTENHAM,Montgomery,19012,RT Cherry Hill
CHELTENHAM,Montgomery,19012,RT Cherry Hill
Cherry Hill,Camden,08002,RT Cherry Hill
Cherry Hill,Camden,08003,RT Cherry Hill
Cherry Hill,Camden,08004,RT Cherry Hill
Chesilhurst,Camden,08089,RT Cherry Hill
Chester,Delaware,19013,RT Cherry Hill
Chester,Delaware,19014,RT Cherry Hill
Chester,Delaware,19015,RT Cherry Hill
Chester,Delaware,19016,RT Cherry Hill
Chester,Delaware,19022,RT Cherry Hill
Chester,Delaware,19013,RT Cherry Hill
Chester,Delaware,19014,RT Cherry Hill
Chester,Delaware,19015,RT Cherry Hill
Chester,Delaware,19016,RT Cherry Hill
Chester,Delaware,19022,RT Cherry Hill
Chester,Morris,07930,RT Clifton
Chester Heights,Delaware,19017,RT Cherry Hill
Chester Heights,Delaware,19017,RT Cherry Hill
Chester Sprgs,Chester,19425,RT Cherry Hill
Chester Sprgs,Chester,19425,RT Cherry Hill
Chester Springs,Chester,19425,RT Cherry Hill
Chester Springs,Chester,19425,RT Cherry Hill
Chester Township,Delaware,19013,RT Cherry Hill
Chester Township,Delaware,19013,RT Cherry Hill
Chesterbrook,Delaware,19087,RT Cherry Hill
Chesterbrook,Delaware,19087,RT Cherry Hill
Chesterfield,Burlington,08515,RT Cherry Hill
Cheyney,Delaware,19319,RT Cherry Hill
Cheyney,Delaware,19319,RT Cherry Hill
Chichester,Delaware,19014,RT Cherry Hill
Chichester,Delaware,19014,RT Cherry Hill
Chilton Co,Delaware,19089,RT Cherry Hill
Chilton Co,Delaware,19089,RT Cherry Hill
Churchville,Bucks,18966,RT Cherry Hill
Cinnaminson,Burlington,08077,RT Cherry Hill
Clark,Union,07066,RT North Brunswick
Clarksboro,Gloucester,08020,RT Cherry Hill
Clayton,Gloucester,08312,RT Cherry Hill
Clementon,Camden,08021,RT Cherry Hill
Cliffside Park,Bergen,07010,RT Clifton
Cliffwood,Monmouth,07721,RT North Brunswick
Clifton,Passaic,07011,RT Clifton
Clifton,Passaic,07012,RT Clifton
Clifton,Passaic,07013,RT Clifton
Clifton,Passaic,07014,RT Clifton
Clifton,Passaic,07015,RT Clifton
Clifton Heights,Delaware,19018,RT Cherry Hill
Clifton Heights,Delaware,19018,RT Cherry Hill
Clinton,Hunterdon,08809,RT North Brunswick
Clinton,Hunterdon,08809,RT North Brunswick
Closter,Bergen,07624,RT Clifton
Coatesville,Chester,19320,RT Cherry Hill
Coatesville,Chester,19320,RT Cherry Hill
Cochranville,Chester,19330,RT Cherry Hill
Cochranville,Chester,19330,RT Cherry Hill
COLLEGEVILLE,Montgomery,19426,RT Cherry Hill
COLLEGEVILLE,Montgomery,19426,RT Cherry Hill
Collingdale,Delaware,19023,RT Cherry Hill
Collingdale,Delaware,19023,RT Cherry Hill
Collingswood,Camden,08108,RT Cherry Hill
COLMAR,Montgomery,18915,RT Cherry Hill
COLMAR,Montgomery,18915,RT Cherry Hill
Colonge,Atlantic,08213,RT Cherry Hill
Colonia,Middlesex,07067,RT North Brunswick
Colts Neck,Monmouth,07722,RT North Brunswick
Columbia,Warren,07832,RT Clifton
Columbia,Warren,07832,RT Clifton
Columbus,Burlington,08022,RT Cherry Hill
Colwyn,Delaware,19023,RT Cherry Hill
Colwyn,Delaware,19023,RT Cherry Hill
Commercial,Cumberland,08349,RT Cherry Hill
Concordville,Delaware,19331,RT Cherry Hill
Concordville,Delaware,19339,RT Cherry Hill
Concordville,Delaware,19340,RT Cherry Hill
Concordville,Delaware,19331,RT Cherry Hill
Concordville,Delaware,19339,RT Cherry Hill
Concordville,Delaware,19340,RT Cherry Hill
CONSHOHOCKEN,Montgomery,19428,RT Cherry Hill
CONSHOHOCKEN,Montgomery,19429,RT Cherry Hill
CONSHOHOCKEN,Montgomery,19428,RT Cherry Hill
CONSHOHOCKEN,Montgomery,19429,RT Cherry Hill
Corbin City,Atlantic,08270,RT Cherry Hill
Cornwells Heights,Bucks,19020,RT Cherry Hill
Cranbury,Middlesex,08512,RT North Brunswick
Cranford,Union,07016,RT North Brunswick
Cream Ridge,Monmouth,08514,RT North Brunswick
CREAMERY,Montgomery,19430,RT Cherry Hill
CREAMERY,Montgomery,19430,RT Cherry Hill
Cresskill,Bergen,07626,RT Clifton
Crestwood Village,Ocean,08759,RT Cherry Hill
Croydon,Bucks,19021,RT Cherry Hill
Crum Lynne,Delaware,19022,RT Cherry Hill
Crum Lynne,Delaware,19022,RT Cherry Hill
Danboro,Bucks,18916,RT Cherry Hill
Darby,Delaware,19023,RT Cherry Hill
Darby,Delaware,19023,RT Cherry Hill
Darby Township,Delaware,19036,RT Cherry Hill
Darby Township,Delaware,19036,RT Cherry Hill
Dayton,Middlesex,08810,RT North Brunswick
Deal,Monmouth,07723,RT North Brunswick
Deepwater,Salem,08023,RT Cherry Hill
Deerfield,Cumberland,08313,RT Cherry Hill
Delanco,Burlington,08075,RT Cherry Hill
Delaware,Warren,07833,RT Clifton
Delaware,Warren,07833,RT Clifton
Delaware,Hunterdon,08822,RT North Brunswick
Delmont,Cumberland,08314,RT Cherry Hill
Delran,Burlington,08075,RT Cherry Hill
Demarest,Bergen,07627,RT Clifton
Dennis,Cape May,08214,RT Cherry Hill
Denville,Morris,07834,RT Clifton
Deptford,Gloucester,08096,RT Cherry Hill
Devault,Chester,19432,RT Cherry Hill
Devault,Chester,19432,RT Cherry Hill
Devon,Chester,19333,RT Cherry Hill
Devon,Chester,19333,RT Cherry Hill
Dividing Creek,Cumberland,08315,RT Cherry Hill
Dorchester,Cumberland,08316,RT Cherry Hill
Dorothy,Atlantic,08317,RT Cherry Hill
Dort Dix,Burlington,08640,RT Cherry Hill
Dover,Morris,07801,RT Clifton
Dover,Morris,07802,RT Clifton
Downe,Cumberland,08323,RT Cherry Hill
Downingtown,Chester,19335,RT Cherry Hill
Downingtown,Chester,19372,RT Cherry Hill
Downingtown,Chester,19335,RT Cherry Hill
Downingtown,Chester,19372,RT Cherry Hill
Doylestown,Bucks,18901,RT Cherry Hill
Doylestown,Bucks,18902,RT Cherry Hill
Doylestown,Bucks,18933,RT Cherry Hill
Doylestown,Bucks,18933,RT Cherry Hill
DRESHER,Montgomery,19025,RT Cherry Hill
DRESHER,Montgomery,19025,RT Cherry Hill
Drexel Hill,Delaware,19026,RT Cherry Hill
Drexel Hill,Delaware,19026,RT Cherry Hill
Drexelbrook,Delaware,19026,RT Cherry Hill
Drexelbrook,Delaware,19026,RT Cherry Hill
Dublin,Bucks,18917,RT Cherry Hill
Dumont,Bergen,07628,RT Clifton
Dunellen,Middlesex,08812,RT North Brunswick
Durham,Bucks,18039,RT Cherry Hill
EAGLEVILLE,Montgomery,19408,RT Cherry Hill
EAGLEVILLE,Montgomery,19415,RT Cherry Hill
EAGLEVILLE,Montgomery,19408,RT Cherry Hill
EAGLEVILLE,Montgomery,19415,RT Cherry Hill
EARLINGTON,Montgomery,18918,RT Cherry Hill
EARLINGTON,Montgomery,18918,RT Cherry Hill
East Amwell,Hunterdon,08822,RT North Brunswick
East Brunswick,Middlesex,08816,RT North Brunswick
East Fallowfield,Chester,19320,RT Cherry Hill
East Fallowfield,Chester,19320,RT Cherry Hill
EAST GREENVILLE,Montgomery,18041,RT Cherry Hill
EAST GREENVILLE,Montgomery,18041,RT Cherry Hill
East Greenwich,Gloucester,08027,RT Cherry Hill
East Hanover,Morris,07936,RT Clifton
East Lansdowne,Delaware,19050,RT Cherry Hill
East Lansdowne,Delaware,19050,RT Cherry Hill
East Orange,Essex,07017,RT Clifton
East Rutherford,Bergen,07073,RT Clifton
East Windsor,Mercer,08520,RT North Brunswick
Eastampton,Burlington,08060,RT Cherry Hill
Eatontown,Monmouth,07724,RT North Brunswick
Eatontown,Monmouth,07799,RT North Brunswick
Eddington,Bucks,19020,RT Cherry Hill
Eddystone,Delaware,19013,RT Cherry Hill
Eddystone,Delaware,19022,RT Cherry Hill
Eddystone,Delaware,19013,RT Cherry Hill
Eddystone,Delaware,19022,RT Cherry Hill
Edgely,Bucks,19007,RT Cherry Hill
Edgemont,Delaware,19028,RT Cherry Hill
Edgemont,Delaware,19028,RT Cherry Hill
Edgewater,Bergen,07020,RT Clifton
Edgewater Park,Burlington,08010,RT Cherry Hill
Edison,Middlesex,08817,RT North Brunswick
Edison,Middlesex,08818,RT North Brunswick
Edison,Middlesex,08820,RT North Brunswick
Edison,Middlesex,08837,RT North Brunswick
Edison,Middlesex,08899,RT North Brunswick
Egg Harbor,Atlantic,08234,RT Cherry Hill
Egg Harbor City,Atlantic,08215,RT Cherry Hill
Elizabeth,Union,07201,RT North Brunswick
Elizabeth,Union,07202,RT North Brunswick
Elizabeth,Union,07206,RT North Brunswick
Elizabeth,Union,07207,RT North Brunswick
Elizabeth,Union,07208,RT North Brunswick
Elk,Gloucester,08028,RT Cherry Hill
ELKINS PARK,Montgomery,19027,RT Cherry Hill
ELKINS PARK,Montgomery,19027,RT Cherry Hill
Elmer,Salem,08318,RT Cherry Hill
Elmwood Park,Bergen,07407,RT Clifton
Elsinboro,Salem,08079,RT Cherry Hill
Elverson,Chester,19520,RT Cherry Hill
Elverson,Chester,19520,RT Cherry Hill
Elwood,Atlantic,08217,RT Cherry Hill
Elwyn,Delaware,19063,RT Cherry Hill
Elwyn,Delaware,19063,RT Cherry Hill
Emerson,Bergen,07630,RT Clifton
Englewood,Bergen,07631,RT Clifton
Englewood Cliffs,Bergen,07632,RT Clifton
Englishtown,Monmouth,07726,RT North Brunswick
Erwinna,Bucks,18920,RT Cherry Hill
Erwinna,Bucks,18920,RT Cherry Hill
Essex Fells,Essex,07021,RT Clifton
Essington,Delaware,19029,RT Cherry Hill
Essington,Delaware,19029,RT Cherry Hill
Estell Manor,Atlantic,08319,RT Cherry Hill
Evesham,Burlington,08053,RT Cherry Hill
Ewan,Gloucester,08025,RT Cherry Hill
Ewing,Mercer,08628,RT North Brunswick
Exton,Chester,19341,RT Cherry Hill
Exton,Chester,19353,RT Cherry Hill
Exton,Chester,19341,RT Cherry Hill
Exton,Chester,19353,RT Cherry Hill
Fair Haven,Monmouth,07704,RT North Brunswick
Fair Lawn,Bergen,07410,RT Clifton
Fairfield,Cumberland,08345,RT Cherry Hill
Fairfield,Essex,07004,RT Clifton
Fairless Hills,Bucks,19030,RT Cherry Hill
Fairless Hills,Bucks,19030,RT Cherry Hill
Fairless Hls,Bucks,19030,RT Cherry Hill
Fairton,Cumberland,08320,RT Cherry Hill
Fairview,Bergen,07022,RT Clifton
FAIRVIEW VILLAGE,Montgomery,19409,RT Cherry Hill
FAIRVIEW VILLAGE,Montgomery,19409,RT Cherry Hill
Falls,Bucks,19054,RT Cherry Hill
Fallsington,Bucks,19054,RT Cherry Hill
Fallsington,Bucks,19054,RT Cherry Hill
Fanwood,Union,07023,RT North Brunswick
Far Hills,Somerset,07931,RT North Brunswick
Farmingdale,Monmouth,07727,RT North Brunswick
Feasterville,Bucks,19053,RT Cherry Hill
Feasterville Trevose,Bucks,19053,RT Cherry Hill
Feltonville,Delaware,19013,RT Cherry Hill
Feltonville,Delaware,19013,RT Cherry Hill
Ferndale,Bucks,18921,RT Cherry Hill
Ferndale,Bucks,18921,RT Cherry Hill
Fernwood,Delaware,19050,RT Cherry Hill
Fernwood,Delaware,19050,RT Cherry Hill
Festerville,Bucks,19053,RT Cherry Hill
Fieldsboro,Burlington,08040,RT Cherry Hill
Firm Zip Concept (Brm),Delaware,19080,RT Cherry Hill
Firm Zip Concept (Brm),Delaware,19080,RT Cherry Hill
Flag Town,Somerset,08821,RT North Brunswick
Flag Town,Somerset,08821,RT North Brunswick
Flanders,Morris,07836,RT Clifton
Flemington,Hunterdon,08822,RT North Brunswick
Florence,Burlington,08518,RT Cherry Hill
Florham Park,Morris,07932,RT Clifton
FLOURTOWN,Montgomery,19031,RT Cherry Hill
FLOURTOWN,Montgomery,19031,RT Cherry Hill
Folcroft,Delaware,19032,RT Cherry Hill
Folcroft,Delaware,19032,RT Cherry Hill
Folsom,Delaware,19033,RT Cherry Hill
Folsom,Delaware,19033,RT Cherry Hill
Folsom,Union,08037,RT Cherry Hill
Fords,Middlesex,08863,RT North Brunswick
Forest Grove,Bucks,18922,RT Cherry Hill
Forest Grove,Bucks,18922,RT Cherry Hill
Forked River,Ocean,08731,RT Cherry Hill
Fort Lee,Bergen,07024,RT Clifton
Fort Monmouth,Monmouth,07703,RT North Brunswick
Fort Washington,Bucks,19048,RT Cherry Hill
Fort Washington,Bucks,19049,RT Cherry Hill
FORT WASHINGTON,Montgomery,19034,RT Cherry Hill
FORT WASHINGTON,Montgomery,19034,RT Cherry Hill
Fortescue,Cumberland,08321,RT Cherry Hill
Fountainville,Bucks,18923,RT Cherry Hill
FRANCONIA,Montgomery,18924,RT Cherry Hill
FRANCONIA,Montgomery,18924,RT Cherry Hill
Frankford,Sussex,07826,RT Clifton
Franklin,Gloucester,08322,RT Cherry Hill
Franklin,Sussex,07416,RT Clifton
Franklin,Hunterdon,08867,RT North Brunswick
Franklin Center,Chester,19341,RT Cherry Hill
Franklin Center,Chester,19341,RT Cherry Hill
Franklin Lakes,Bergen,07417,RT Clifton
Franklin Mint,Delaware,19063,RT Cherry Hill
Franklin Mint,Delaware,19091,RT Cherry Hill
Franklin Mint,Delaware,19063,RT Cherry Hill
Franklin Mint,Delaware,19091,RT Cherry Hill
Franklin Park,Somerset,08823,RT North Brunswick
Frazer,Chester,19355,RT Cherry Hill
Frazer,Chester,19355,RT Cherry Hill
FREDERICK,Montgomery,19435,RT Cherry Hill
FREDERICK,Montgomery,19435,RT Cherry Hill
Fredon,Sussex,07860,RT Clifton
Freehold,Monmouth,07728,RT North Brunswick
Frelinghuysen,Warren,07821,RT Clifton
Frenchtown,Hunterdon,08825,RT North Brunswick
Frnkln Mt Center,Delaware,19091,RT Cherry Hill
Frnkln Mt Center,Delaware,19091,RT Cherry Hill
Fstrvl Trvose,Bucks,19053,RT Cherry Hill
Furlong,Bucks,18925,RT Cherry Hill
Furlong,Bucks,18925,RT Cherry Hill
Galloway,Atlantic,08201,RT Cherry Hill
Garden City,Delaware,19063,RT Cherry Hill
Garden City,Delaware,19086,RT Cherry Hill
Garden City,Delaware,19063,RT Cherry Hill
Garden City,Delaware,19086,RT Cherry Hill
Gardenville,Bucks,18926,RT Cherry Hill
Gardenville,Bucks,18926,RT Cherry Hill
Garfield,Bergen,07026,RT Clifton
Garnet Valley,Delaware,19060,RT Cherry Hill
Garnet Valley,Delaware,19061,RT Cherry Hill
Garnet Valley,Delaware,19060,RT Cherry Hill
Garnet Valley,Delaware,19061,RT Cherry Hill
Garwood,Union,07027,RT North Brunswick
Gay Street,Chester,19381,RT Cherry Hill
Gay Street,Chester,19381,RT Cherry Hill
George School,Bucks,18940,RT Cherry Hill
Gibbsboro,Camden,08026,RT Cherry Hill
Gibbstown,Gloucester,08027,RT Cherry Hill
GILBERTSVILLE,Montgomery,19525,RT Cherry Hill
GILBERTSVILLE,Montgomery,19525,RT Cherry Hill
Gilette,Morris,07933,RT Clifton
Gladstone,Somerset,07934,RT North Brunswick
GLADWYNE,Montgomery,19035,RT Cherry Hill
GLADWYNE,Montgomery,19035,RT Cherry Hill
Glassboro,Gloucester,08028,RT Cherry Hill
Glasser,Sussex,07837,RT Clifton
Glen Gardner,Hunterdon,08826,RT North Brunswick
Glen Mills,Delaware,19342,RT Cherry Hill
Glen Mills,Delaware,19342,RT Cherry Hill
Glen Rdl Lima,Delaware,19037,RT Cherry Hill
Glen Rdl Lima,Delaware,19037,RT Cherry Hill
Glen Riddle,Delaware,19037,RT Cherry Hill
Glen Riddle,Delaware,19063,RT Cherry Hill
Glen Riddle,Delaware,19037,RT Cherry Hill
Glen Riddle,Delaware,19063,RT Cherry Hill
Glen Riddle Lima,Delaware,19037,RT Cherry Hill
Glen Riddle Lima,Delaware,19063,RT Cherry Hill
Glen Riddle Lima,Delaware,19037,RT Cherry Hill
Glen Riddle Lima,Delaware,19063,RT Cherry Hill
Glen Ridge,Essex,07028,RT Clifton
Glen Rock,Bergen,07425,RT Clifton
Glendora,Camden,08029,RT Cherry Hill
Glenmoore,Chester,19343,RT Cherry Hill
Glenmoore,Chester,19343,RT Cherry Hill
Glenolden,Delaware,19036,RT Cherry Hill
Glenolden,Delaware,19036,RT Cherry Hill
GLENSIDE,Montgomery,19038,RT Cherry Hill
GLENSIDE,Montgomery,19038,RT Cherry Hill
Glenwood,Sussex,07418,RT Clifton
Gloucester,Camden,08030,RT Cherry Hill
Gloucester City,Camden,08030,RT Cherry Hill
Goshen,Cape May,08218,RT Cherry Hill
Gradyville,Delaware,19039,RT Cherry Hill
Gradyville,Delaware,19039,RT Cherry Hill
Graystone Park,Morris,07950,RT Clifton
Great Meadows,Warren,07838,RT Clifton
Great Meadows,Warren,07838,RT Clifton
Green Brook,Somerset,08812,RT North Brunswick
Green Creak,Cape May,08219,RT Cherry Hill
GREEN LANE,Montgomery,18054,RT Cherry Hill
GREEN LANE,Montgomery,18054,RT Cherry Hill
Green Ridge,Delaware,19014,RT Cherry Hill
Green Ridge,Delaware,19014,RT Cherry Hill
Green Village,Morris,07935,RT Clifton
Greendell,Sussex,07839,RT Clifton
Greenwich,Cumberland,08323,RT Cherry Hill
Greenwich,Gloucester,08027,RT Cherry Hill
Greenwich,Warren,08886,RT Clifton
Grenloch,Gloucester,08032,RT Cherry Hill
Guttenberg,Hudson,07093,RT North Brunswick
GWYNEDD,Montgomery,19436,RT Cherry Hill
GWYNEDD,Montgomery,19436,RT Cherry Hill
GWYNEDD VALLEY,Montgomery,19437,RT Cherry Hill
GWYNEDD VALLEY,Montgomery,19437,RT Cherry Hill
Hackensack,Bergen,07601,RT Clifton
Hackensack,Bergen,07602,RT Clifton
Hackettstown,Warren,07840,RT Clifton
Haddon,Camden,08104,RT Cherry Hill
Haddon,Camden,08107,RT Cherry Hill
Haddon,Camden,08108,RT Cherry Hill
Haddon Heights,Camden,08035,RT Cherry Hill
Haddonfield,Camden,08033,RT Cherry Hill
Hainesport,Burlington,08036,RT Cherry Hill
Haledon,Passaic,07508,RT Clifton
Haledon,Passaic,07538,RT Clifton
Hamburg,Sussex,07419,RT Clifton
Hamilton,Atlantic,08330,RT Cherry Hill
Hamilton,Mercer,08690,RT North Brunswick
Hammonton,Atlantic,08037,RT Cherry Hill
Hampton,Hunterdon,08827,RT North Brunswick
Hancocks Bridge,Salem,08038,RT Cherry Hill
Hanover,Morris,07981,RT Clifton
Harding,Morris,07960,RT Clifton
Hardwick,Warren,07825,RT Clifton
Hardyston,Sussex,07419,RT Clifton
HARLEYSVILLE,Montgomery,19438,RT Cherry Hill
HARLEYSVILLE,Montgomery,19441,RT Cherry Hill
HARLEYSVILLE,Montgomery,19438,RT Cherry Hill
HARLEYSVILLE,Montgomery,19441,RT Cherry Hill
Harmony,Warren,08865,RT Clifton
Harrington Park,Bergen,07640,RT Clifton
Harrison,Gloucester,08039,RT Cherry Hill
Harrison,Hudson,07029,RT North Brunswick
Hartsville,Bucks,18974,RT Cherry Hill
Hasbrouck Heights,Bergen,07604,RT Clifton
Haskell,Passaic,07420,RT Clifton
Haskell,Passaic,07420,RT Clifton
HATBORO,Montgomery,19040,RT Cherry Hill
HATBORO,Montgomery,19040,RT Cherry Hill
HATFIELD,Montgomery,19440,RT Cherry Hill
HATFIELD,Montgomery,19440,RT Cherry Hill
HAVERFORD,Montgomery,19041,RT Cherry Hill
HAVERFORD,Montgomery,19041,RT Cherry Hill
Havertown,Delaware,19083,RT Cherry Hill
Havertown,Delaware,19083,RT Cherry Hill
Haworth,Bergen,07641,RT Clifton
Hawthorn,Passaic,07507,RT Clifton
Hawthorne,Passaic,07506,RT Clifton
Hazlet,Monmouth,07730,RT North Brunswick
Heislerville,Cumberland,08324,RT Cherry Hill
Helmetta,Middlesex,08828,RT North Brunswick
High Bridge,Hunterdon,08829,RT North Brunswick
Highland Lakes,Sussex,07422,RT Clifton
Highland Park,Delaware,19082,RT Cherry Hill
Highland Park,Delaware,19082,RT Cherry Hill
Highland Park,Middlesex,08904,RT North Brunswick
Highlands,Monmouth,07732,RT North Brunswick
Hightstown,Mercer,08520,RT North Brunswick
Hillsborough,Somerset,08844,RT North Brunswick
Hillsdale,Bergen,07642,RT Clifton
Hillside,Union,07205,RT North Brunswick
Hilltown,Bucks,18927,RT Cherry Hill
Hi-Nella,Camden,08106,RT Cherry Hill
Ho Ho Kus,Bergen,07423,RT Clifton
Hoboken,Hudson,07030,RT North Brunswick
Holicong,Bucks,18928,RT Cherry Hill
Holicong,Bucks,18928,RT Cherry Hill
Holland,Bucks,18966,RT Cherry Hill
Holland,Bucks,18966,RT Cherry Hill
Holland,Hunterdon,08848,RT North Brunswick
Holmdel,Monmouth,07733,RT North Brunswick
Holmdel,Monmouth,07777,RT North Brunswick
Holmes,Delaware,19043,RT Cherry Hill
Holmes,Delaware,19098,RT Cherry Hill
Holmes,Delaware,19043,RT Cherry Hill
Holmes,Delaware,19098,RT Cherry Hill
Honey Brook,Chester,19344,RT Cherry Hill
Honey Brook,Chester,19344,RT Cherry Hill
Hopatcong,Sussex,07843,RT Clifton
Hope,Warren,07844,RT Clifton
Hopewell,Cumberland,08302,RT Cherry Hill
Hopewell,Mercer,08525,RT North Brunswick
HORSHAM,Montgomery,19044,RT Cherry Hill
HORSHAM,Montgomery,19044,RT Cherry Hill
Howell,Monmouth,07731,RT North Brunswick
Hulmeville,Bucks,19047,RT Cherry Hill
HUNTINGDON VALLEY,Montgomery,19006,RT Cherry Hill
HUNTINGDON VALLEY,Montgomery,19006,RT Cherry Hill
Imlaystown,Monmouth,08526,RT North Brunswick
Immaculata,Chester,19345,RT Cherry Hill
Immaculata,Chester,19345,RT Cherry Hill
Independence,Warren,07840,RT Clifton
Interlaken,Monmouth,07712,RT North Brunswick
Ironia,Morris,07845,RT Clifton
Irvington,Essex,07111,RT Clifton
Irvington,Essex,07111,RT Clifton
Iselin,Middlesex,08830,RT North Brunswick
Island Heights,Ocean,08732,RT Cherry Hill
Ithan,Delaware,19085,RT Cherry Hill
Ithan,Delaware,19085,RT Cherry Hill
Ivyland,Bucks,18974,RT Cherry Hill
Jackson,Ocean,08527,RT Cherry Hill
Jamesburg,Middlesex,08831,RT North Brunswick
Jamison,Bucks,18929,RT Cherry Hill
JENKINTOWN,Montgomery,19046,RT Cherry Hill
JENKINTOWN,Montgomery,19046,RT Cherry Hill
Jersey City,Hudson,07302,RT North Brunswick
Jersey City,Hudson,07303,RT North Brunswick
Jersey City,Hudson,07304,RT North Brunswick
Jersey City,Hudson,07305,RT North Brunswick
Jersey City,Hudson,07306,RT North Brunswick
Jersey City,Hudson,07307,RT North Brunswick
Jersey City,Hudson,07308,RT North Brunswick
Jersey City,Hudson,07309,RT North Brunswick
Jersey City,Hudson,07310,RT North Brunswick
Jersey City,Hudson,07311,RT North Brunswick
Jersey City,Hudson,07395,RT North Brunswick
Jersey City,Hudson,07399,RT North Brunswick
Joanna,Chester,19520,RT Cherry Hill
Joanna,Chester,19520,RT Cherry Hill
Jobstoen,Burlington,08041,RT Cherry Hill
Johnsenberg,Warren,07846,RT Clifton
Johnsenberg,Warren,07846,RT Clifton
Juliustown,Burlington,08042,RT Cherry Hill
Keansburg,Monmouth,07734,RT North Brunswick
Kearny,Hudson,07032,RT North Brunswick
Kearny,Hudson,07099,RT North Brunswick
Keasbey,Middlesex,08832,RT North Brunswick
Kelton,Chester,19346,RT Cherry Hill
Kelton,Chester,19346,RT Cherry Hill
Kemblesville,Chester,19347,RT Cherry Hill
Kemblesville,Chester,19347,RT Cherry Hill
Kendall Park,Middlesex,08824,RT North Brunswick
Kenilworth,Union,07033,RT North Brunswick
Kennett Sq,Chester,19348,RT Cherry Hill
Kennett Sq,Chester,19348,RT Cherry Hill
Kennett Square,Chester,19348,RT Cherry Hill
Kennett Square,Chester,19348,RT Cherry Hill
Kenvil,Morris,07847,RT Clifton
Keyport,Monmouth,07735,RT North Brunswick
Kimberton,Chester,19442,RT Cherry Hill
Kimberton,Chester,19442,RT Cherry Hill
KING OF PRUSSIA,Montgomery,19406,RT Cherry Hill
KING OF PRUSSIA,Montgomery,19406,RT Cherry Hill
Kingston,Somerset,08528,RT North Brunswick
Kingston,Somerset,08528,RT North Brunswick
Kingwood,Hunterdon,08859,RT North Brunswick
Kinnelon,Morris,07405,RT Clifton
Kintnersville,Bucks,18930,RT Cherry Hill
Kirklyn,Delaware,19082,RT Cherry Hill
Kirklyn,Delaware,19082,RT Cherry Hill
Knowlton,Warren,07832,RT Clifton
KULPSVILLE,Montgomery,19443,RT Cherry Hill
KULPSVILLE,Montgomery,19443,RT Cherry Hill
Lafayette,Sussex,07848,RT Clifton
LAFAYETTE HILL,Montgomery,19444,RT Cherry Hill
LAFAYETTE HILL,Montgomery,19444,RT Cherry Hill
Lahaska,Bucks,18931,RT Cherry Hill
Lahaska,Bucks,18931,RT Cherry Hill
Lake Como,Monmouth,07719,RT North Brunswick
Lake Hiawatha,Morris,07034,RT Clifton
Lake Hopatcong,Morris,07849,RT Clifton
Lakehurst,Ocean,08733,RT Cherry Hill
Lakewood,Ocean,08701,RT Cherry Hill
Lambertville,Hunterdon,08530,RT North Brunswick
Landenberg,Chester,19350,RT Cherry Hill
Landenberg,Chester,19350,RT Cherry Hill
Landing,Morris,07850,RT Clifton
Landisville,Atlantic,08326,RT Cherry Hill
Langhorne,Bucks,19047,RT Cherry Hill
Langhorne,Bucks,19048,RT Cherry Hill
Langhorne,Bucks,19049,RT Cherry Hill
Langhorne,Bucks,19053,RT Cherry Hill
Langhorne,Bucks,19047,RT Cherry Hill
Lanoka Harbor,Ocean,08734,RT Cherry Hill
LANSDALE,Montgomery,19446,RT Cherry Hill
LANSDALE,Montgomery,19446,RT Cherry Hill
Lansdowne,Delaware,19050,RT Cherry Hill
Lansdowne,Delaware,19050,RT Cherry Hill
Laurel Springs,Camden,08021,RT Cherry Hill
Lavallette,Ocean,08735,RT Cherry Hill
Lawncrest,Philadelphia,19111,RT Cherry Hill
Lawndale,Philadelphia,19111,RT Cherry Hill
Lawnside,Camden,08045,RT Cherry Hill
Lawnside,Camden,08045,RT Cherry Hill
Lawrence,Cumberland,08345,RT Cherry Hill
Lawrence,Mercer,08648,RT North Brunswick
Lawrence Park,Delaware,19008,RT Cherry Hill
Lawrence Park,Delaware,19008,RT Cherry Hill
Lawrencville,Mercer,08648,RT North Brunswick
Lawrencville,Mercer,08648,RT North Brunswick
Layton,Sussex,07851,RT Clifton
Lebanon,Hunterdon,08833,RT North Brunswick
LEDERACH,Montgomery,19450,RT Cherry Hill
LEDERACH,Montgomery,19450,RT Cherry Hill
Ledgewood,Morris,07852,RT Clifton
Leeds Point,Atlantic,08220,RT Cherry Hill
Leesburg,Cumberland,08327,RT Cherry Hill
Leisure Village,Ocean,08701,RT Cherry Hill
Lenni,Delaware,19052,RT Cherry Hill
Lenni,Delaware,19052,RT Cherry Hill
Leonardo,Monmouth,07737,RT North Brunswick
Leonia,Bergen,07605,RT Clifton
Lester,Delaware,19029,RT Cherry Hill
Lester,Delaware,19113,RT Cherry Hill
Lester,Delaware,19029,RT Cherry Hill
Lester,Delaware,19113,RT Cherry Hill
Levittown,Bucks,19054,RT Cherry Hill
Levittown,Bucks,19055,RT Cherry Hill
Levittown,Bucks,19056,RT Cherry Hill
Levittown,Bucks,19057,RT Cherry Hill
Levittown,Bucks,19058,RT Cherry Hill
Levittown,Bucks,19056,RT Cherry Hill
Levittown,Bucks,19055,RT Cherry Hill
Levittown,Bucks,19057,RT Cherry Hill
Levittown,Bucks,19058,RT Cherry Hill
Lewisville,Chester,19351,RT Cherry Hill
Lewisville,Chester,19351,RT Cherry Hill
Liberty,Warren,07838,RT Clifton
Liberty Corner,Somerset,07938,RT North Brunswick
Lima,Delaware,19037,RT Cherry Hill
Lima,Delaware,19037,RT Cherry Hill
Lincoln Park,Morris,07035,RT Clifton
Lincoln University,Chester,19352,RT Cherry Hill
Lincoln University,Chester,19352,RT Cherry Hill
Lincroft,Monmouth,07738,RT North Brunswick
Linden,Union,07036,RT North Brunswick
Lindenwold,Camden,08021,RT Cherry Hill
Line Lexington,Bucks,18932,RT Cherry Hill
Line Lxngtn,Bucks,18932,RT Cherry Hill
Linwood,Atlantic,08221,RT Cherry Hill
Linwood,Delaware,19061,RT Cherry Hill
Linwood,Delaware,19061,RT Cherry Hill
Lionville,Chester,19353,RT Cherry Hill
Lionville,Chester,19353,RT Cherry Hill
Little Falls,Passaic,07424,RT Clifton
Little Ferry,Bergen,07643,RT Clifton
Little Silver,Monmouth,07739,RT North Brunswick
Little York,Hunterdon,08834,RT North Brunswick
Livingston,Essex,07039,RT Clifton
Llanerch,Delaware,19083,RT Cherry Hill
Llanerch,Delaware,19083,RT Cherry Hill
Loag,Chester,19520,RT Cherry Hill
Loag,Chester,19520,RT Cherry Hill
Loch Arbour,Monmouth,07711,RT North Brunswick
Lodi,Bergen,07644,RT Clifton
Logan,Gloucester,08085,RT Cherry Hill
Long Beach Park,Ocean,08008,RT Cherry Hill
Long Branch,Monmouth,07740,RT North Brunswick
Long Valley,Morris,07853,RT Clifton
Longport,Atlantic,08403,RT Cherry Hill
Lopatcong,Warren,08865,RT Clifton
Lower Alloways Creek,Salem,08079,RT Cherry Hill
Lower Chichester,Delaware,19061,RT Cherry Hill
Lower Chichester,Delaware,19061,RT Cherry Hill
Lower Makefield,Bucks,19067,RT Cherry Hill
Lumberton,Burlington,08048,RT Cherry Hill
Lumberville,Bucks,18933,RT Cherry Hill
Lyndell,Chester,19354,RT Cherry Hill
Lyndell,Chester,19354,RT Cherry Hill
Lyndhurst,Bergen,07071,RT Clifton
Lynnewood Gardens,Philadelphia,19150,RT Cherry Hill
Lyons,Somerset,07939,RT North Brunswick
Madison,Morris,07940,RT Clifton
Magnolia,Camden,08049,RT Cherry Hill
Mahwah,Bergen,07430,RT Clifton
MAINLAND,Montgomery,19451,RT Cherry Hill
MAINLAND,Montgomery,19451,RT Cherry Hill
Malaga,Gloucester,08328,RT Cherry Hill
Malvern,Chester,19355,RT Cherry Hill
Malvern,Chester,19355,RT Cherry Hill
Manahawkin,Ocean,08050,RT Cherry Hill
Manalapan,Monmouth,07726,RT North Brunswick
Manasquan,Monmouth,08736,RT North Brunswick
Manayunk,Philadelphia,19127,RT Cherry Hill
Mannington,Salem,08079,RT Cherry Hill
Manoa,Delaware,19083,RT Cherry Hill
Manoa,Delaware,19083,RT Cherry Hill
Manor,Delaware,19036,RT Cherry Hill
Manor,Delaware,19036,RT Cherry Hill
Mansfield,Burlington,08022,RT Cherry Hill
Mansfield,Warren,07865,RT Clifton
Mantoloking,Ocean,08738,RT Cherry Hill
Mantua,Gloucester,08051,RT Cherry Hill
Maple Shade,Burlington,08052,RT Cherry Hill
Mapplewood,Essex,07040,RT Clifton
Marcus Hook,Delaware,19013,RT Cherry Hill
Marcus Hook,Delaware,19060,RT Cherry Hill
Marcus Hook,Delaware,19061,RT Cherry Hill
Marcus Hook,Delaware,19013,RT Cherry Hill
Marcus Hook,Delaware,19060,RT Cherry Hill
Marcus Hook,Delaware,19061,RT Cherry Hill
Margate City,Atlantic,08402,RT Cherry Hill
Marlboro,Monmouth,07746,RT North Brunswick
Marlton,Burlington,08053,RT Cherry Hill
Marmora,Cape May,08223,RT Cherry Hill
Marple Township,Delaware,19008,RT Cherry Hill
Marple Township,Delaware,19008,RT Cherry Hill
Marsh,Chester,19520,RT Cherry Hill
Marsh,Chester,19520,RT Cherry Hill
Matawan,Monmouth,07747,RT North Brunswick
Maurice River,Cumberland,08327,RT Cherry Hill
Mauricetown,Cumberland,08329,RT Cherry Hill
Mays Landing,Atlantic,08330,RT Cherry Hill
Maywood,Bergen,07607,RT Clifton
Mc Afee,Sussex,07428,RT Clifton
Mechanicsville,Bucks,18934,RT Cherry Hill
Mechanicsville,Bucks,18934,RT Cherry Hill
Mechanicsvlle,Bucks,18934,RT Cherry Hill
Medford,Burlington,08055,RT Cherry Hill
Medford Lakes,Burlington,08055,RT Cherry Hill
Media,Delaware,19037,RT Cherry Hill
Media,Delaware,19063,RT Cherry Hill
Media,Delaware,19064,RT Cherry Hill
Media,Delaware,19065,RT Cherry Hill
Media,Delaware,19086,RT Cherry Hill
Media,Delaware,19091,RT Cherry Hill
Media,Delaware,19037,RT Cherry Hill
Media,Delaware,19063,RT Cherry Hill
Media,Delaware,19064,RT Cherry Hill
Media,Delaware,19065,RT Cherry Hill
Media,Delaware,19086,RT Cherry Hill
Media,Delaware,19091,RT Cherry Hill
Mendenhall,Chester,19357,RT Cherry Hill
Mendenhall,Chester,19357,RT Cherry Hill
Mendham,Morris,07945,RT Clifton
Merchantville,Camden,08109,RT Cherry Hill
MERION STATION,Montgomery,19066,RT Cherry Hill
MERION STATION,Montgomery,19066,RT Cherry Hill
Metuchen,Middlesex,08840,RT North Brunswick
Mickleston,Gloucester,08056,RT Cherry Hill
Mid City East,Philadelphia,19102,RT Cherry Hill
Mid City West,Philadelphia,19103,RT Cherry Hill
Middle City East,Philadelphia,19102,RT Cherry Hill
Middle City West,Philadelphia,19103,RT Cherry Hill
Middlesex,Middlesex,08846,RT North Brunswick
Middletown,Monmouth,07748,RT North Brunswick
Middletown Township,Bucks,19056,RT Cherry Hill
Middleville,Sussex,07855,RT Clifton
Midland Park,Bergen,07432,RT Clifton
Milford,Hunterdon,08848,RT North Brunswick
Milford Sq,Bucks,18935,RT Cherry Hill
Milford Square,Bucks,18935,RT Cherry Hill
Millburn,Essex,07041,RT Clifton
Millington,Morris,07946,RT Clifton
Millstone,Monmouth,08510,RT North Brunswick
Millstone,Somerset,08844,RT North Brunswick
Milltown,Middlesex,08850,RT North Brunswick
Millville,Cumberland,08332,RT Cherry Hill
Milmay,Atlantic,08340,RT Cherry Hill
Milmont Park,Delaware,19033,RT Cherry Hill
Milmont Park,Delaware,19033,RT Cherry Hill
Mine Hill,Morris,07803,RT Clifton
Minolta,Atlantic,08341,RT Cherry Hill
Mizpah,Atlantic,08342,RT Cherry Hill
Modena,Chester,19358,RT Cherry Hill
Modena,Chester,19358,RT Cherry Hill
Monmouth Beach,Monmouth,07750,RT North Brunswick
Monmouth Junction,Middlesex,08852,RT North Brunswick
Monroe,Gloucester,08094,RT Cherry Hill
Monroe,Middlesex,08831,RT North Brunswick
Monroeville,Salem,08343,RT Cherry Hill
MONT CLARE,Montgomery,19453,RT Cherry Hill
MONT CLARE,Montgomery,19453,RT Cherry Hill
Montague,Sussex,07827,RT Clifton
Montclair,Essex,07042,RT Clifton
Montclair,Essex,07043,RT Clifton
Montgomery,Somerset,08502,RT North Brunswick
MONTGOMERYVILLE,Montgomery,18936,RT Cherry Hill
MONTGOMERYVILLE,Montgomery,18936,RT Cherry Hill
Montvale,Bergen,07645,RT Clifton
Montville,Morris,07045,RT Clifton
Moonachie,Bergen,07074,RT Clifton
Moorestown,Burlington,08057,RT Cherry Hill
Morganville,Monmouth,07751,RT North Brunswick
Morris,Morris,07950,RT Clifton
Morris Plains,Morris,07950,RT Clifton
Morristown,Morris,07960,RT Clifton
Morristown,Morris,07961,RT Clifton
Morristown,Morris,07962,RT Clifton
Morristown,Morris,07963,RT Clifton
Morrisville,Bucks,19067,RT Cherry Hill
"Morrisville, Yardey",Bucks,19067,RT Cherry Hill
Morton,Delaware,19070,RT Cherry Hill
Morton,Delaware,19070,RT Cherry Hill
Mount Arlington,Morris,07856,RT Clifton
Mount Ephraim,Camden,08059,RT Cherry Hill
Mount Fredom,Morris,07856,RT Clifton
Mount Holly,Burlington,08060,RT Cherry Hill
Mount Laurel,Burlington,08054,RT Cherry Hill
Mount Olive,Morris,07828,RT Clifton
Mount Royal,Gloucester,08061,RT Cherry Hill
Mount Tabor,Morris,07878,RT Clifton
Mountain Lakes,Morris,07046,RT Clifton
Mountainside,Union,07092,RT North Brunswick
Moylan,Delaware,19065,RT Cherry Hill
Moylan,Delaware,19065,RT Cherry Hill
Mullica,Atlantic,08062,RT Cherry Hill
Mullica Hill,Gloucester,08062,RT Cherry Hill
Mystic Island,Ocean,08087,RT Cherry Hill
NARBERTH,Montgomery,19072,RT Cherry Hill
NARBERTH,Montgomery,19072,RT Cherry Hill
National Fulfillment Serv,Delaware,19098,RT Cherry Hill
National Fulfillment Serv,Delaware,19098,RT Cherry Hill
National Park,Gloucester,08063,RT Cherry Hill
Neptune,Monmouth,07753,RT North Brunswick
Neptune City,Monmouth,07753,RT North Brunswick
Nepune,Monmouth,07754,RT North Brunswick
Neshanic Station,Somerset,08853,RT North Brunswick
Neshanic Station,Somerset,08853,RT North Brunswick
Netcong,Morris,07857,RT Clifton
Nether Providence,Delaware,19086,RT Cherry Hill
Nether Providence,Delaware,19086,RT Cherry Hill
New Britain,Bucks,18901,RT Cherry Hill
New Brunswick,Middlesex,08901,RT North Brunswick
New Brunswick,Middlesex,08903,RT North Brunswick
New Brunswick,Middlesex,08905,RT North Brunswick
New Brunswick,Middlesex,08906,RT North Brunswick
New Brunswick,Middlesex,08922,RT North Brunswick
New Brunswick,Middlesex,08933,RT North Brunswick
New Brunswick,Middlesex,08988,RT North Brunswick
New Brunswick,Middlesex,08989,RT North Brunswick
New Egypt,Ocean,08533,RT Cherry Hill
New Gretna,Burlington,08224,RT Cherry Hill
New Hanover,Burlington,08511,RT Cherry Hill
New Hope,Bucks,18938,RT Cherry Hill
New Hope,Bucks,18938,RT Cherry Hill
New Lisbon,Burlington,08064,RT Cherry Hill
New Londn Township,Chester,19352,RT Cherry Hill
New Londn Township,Chester,19352,RT Cherry Hill
New London,Chester,19360,RT Cherry Hill
New London,Chester,19360,RT Cherry Hill
New London Township,Chester,19352,RT Cherry Hill
New London Township,Chester,19352,RT Cherry Hill
New Milford,Bergen,07646,RT Clifton
New Providence,Union,07974,RT North Brunswick
New Vernon,Morris,07976,RT Clifton
Newark,Essex,07101,RT Clifton
Newark,Essex,07102,RT Clifton
Newark,Essex,07103,RT Clifton
Newark,Essex,07104,RT Clifton
Newark,Essex,07105,RT Clifton
Newark,Essex,07106,RT Clifton
Newark,Essex,07107,RT Clifton
Newark,Essex,07108,RT Clifton
Newark,Essex,07112,RT Clifton
Newark,Essex,07114,RT Clifton
Newark,Essex,07175,RT Clifton
Newark,Essex,07182,RT Clifton
Newark,Essex,07184,RT Clifton
Newark,Essex,07188,RT Clifton
Newark,Essex,07189,RT Clifton
Newark,Essex,07191,RT Clifton
Newark,Essex,07192,RT Clifton
Newark,Essex,07193,RT Clifton
Newark,Essex,07194,RT Clifton
Newark,Essex,07195,RT Clifton
Newark,Essex,07198,RT Clifton
Newark,Essex,07199,RT Clifton
Newfield,Gloucester,08344,RT Cherry Hill
Newfoundland,Passaic,07435,RT Clifton
Newport,Cumberland,08345,RT Cherry Hill
Newportville,Bucks,19056,RT Cherry Hill
Newton,Sussex,07860,RT Clifton
Newtonville,Atlantic,08346,RT Cherry Hill
Newtown,Bucks,18940,RT Cherry Hill
Newtown Sq,Delaware,19073,RT Cherry Hill
Newtown Sq,Delaware,19073,RT Cherry Hill
Newtown Square,Delaware,19073,RT Cherry Hill
Newtown Square,Delaware,19073,RT Cherry Hill
Norma,Salem,08347,RT Cherry Hill
Normandy Beach,Ocean,08739,RT Cherry Hill
NORRISTOWN,Montgomery,19401,RT Cherry Hill
NORRISTOWN,Montgomery,19403,RT Cherry Hill
NORRISTOWN,Montgomery,19404,RT Cherry Hill
NORRISTOWN,Montgomery,19401,RT Cherry Hill
NORRISTOWN,Montgomery,19403,RT Cherry Hill
NORRISTOWN,Montgomery,19404,RT Cherry Hill
North Arlington,Bergen,07031,RT Clifton
North Beach Haven,Ocean,08008,RT Cherry Hill
North Bergen,Hudson,07047,RT North Brunswick
North Brunswick,Middlesex,08902,RT North Brunswick
North Caldwell,Essex,07006,RT Clifton
North Haledon,Passaic,07508,RT Clifton
North Hanover,Burlington,08562,RT Cherry Hill
North Plainfield,Union,07060,RT North Brunswick
NORTH WALES,Montgomery,19454,RT Cherry Hill
NORTH WALES,Montgomery,19455,RT Cherry Hill
NORTH WALES,Montgomery,19454,RT Cherry Hill
NORTH WALES,Montgomery,19455,RT Cherry Hill
North Wildwood,Cape May,08260,RT Cherry Hill
Northfield,Atlantic,08225,RT Cherry Hill
Northvale,Bergen,07647,RT Clifton
Norwood,Delaware,19074,RT Cherry Hill
Norwood,Delaware,19074,RT Cherry Hill
Norwood,Bergen,07648,RT Clifton
Nottingham,Chester,19362,RT Cherry Hill
Nottingham,Chester,19362,RT Cherry Hill
Nutley,Essex,07110,RT Clifton
Oak Lane,Philadelphia,19126,RT Cherry Hill
Oak Ridge,Passaic,07438,RT Clifton
Oakford,Bucks,19053,RT Cherry Hill
Oakhurst,Monmouth,07755,RT North Brunswick
Oakland,Bergen,07436,RT Clifton
Oaklyn,Camden,08107,RT Cherry Hill
OAKS,Montgomery,19456,RT Cherry Hill
OAKS,Montgomery,19456,RT Cherry Hill
Oakview,Delaware,19026,RT Cherry Hill
Oakview,Delaware,19026,RT Cherry Hill
Ocean,Monmouth,07712,RT North Brunswick
Ocean City,Cape May,08226,RT Cherry Hill
Ocean Gate,Ocean,08740,RT Cherry Hill
Ocean Grove,Monmouth,07756,RT North Brunswick
Ocean View,Cape May,08230,RT Cherry Hill
Oceanport,Monmouth,07757,RT North Brunswick
Oceanville,Atlantic,08231,RT Cherry Hill
Ogden,Delaware,19061,RT Cherry Hill
Ogden,Delaware,19061,RT Cherry Hill
Ogdensburg,Sussex,07439,RT Clifton
Old Bridge,Middlesex,08857,RT North Brunswick
Old Tappan,Bergen,07675,RT Clifton
Oldmans,Salem,08067,RT Cherry Hill
Oldwick,Hunterdon,08858,RT North Brunswick
Oradell,Bergen,07649,RT Clifton
Orange Township,Essex,07050,RT Clifton
Orange Township,Essex,07051,RT Clifton
ORELAND,Montgomery,19075,RT Cherry Hill
ORELAND,Montgomery,19075,RT Cherry Hill
Ottsville,Bucks,18942,RT Cherry Hill
Ottsville,Bucks,18942,RT Cherry Hill
Overbrook Hills,Philadelphia,19151,RT Cherry Hill
Overbrook Hls,Philadelphia,19151,RT Cherry Hill
Oxford,Chester,19363,RT Cherry Hill
Oxford,Chester,19363,RT Cherry Hill
Oxford,Warren,07863,RT Clifton
Palisades Park,Bergen,07650,RT Clifton
PALM,Montgomery,18070,RT Cherry Hill
PALM,Montgomery,18070,RT Cherry Hill
Palmyra,Burlington,08065,RT Cherry Hill
Paoli,Chester,19301,RT Cherry Hill
Paoli,Chester,19301,RT Cherry Hill
Paramus,Bergen,07652,RT Clifton
Park Ridge,Bergen,07656,RT Clifton
Parker Ford,Chester,19457,RT Cherry Hill
Parker Ford,Chester,19457,RT Cherry Hill
Parkesburg,Chester,19365,RT Cherry Hill
Parkesburg,Chester,19365,RT Cherry Hill
Parkland,Bucks,19047,RT Cherry Hill
Parkside,Delaware,19013,RT Cherry Hill
Parkside,Delaware,19013,RT Cherry Hill
Parkside Manor,Delaware,19015,RT Cherry Hill
Parkside Manor,Delaware,19015,RT Cherry Hill
Parlin,Middlesex,08859,RT North Brunswick
Parsippany-Troy Hills,Morris,07054,RT Clifton
Passaic,Passaic,07055,RT Clifton
Passyunk,Philadelphia,19148,RT Cherry Hill
Paterson,Passaic,07501,RT Clifton
Paterson,Passaic,07502,RT Clifton
Paterson,Passaic,07503,RT Clifton
Paterson,Passaic,07504,RT Clifton
Paterson,Passaic,07505,RT Clifton
Paterson,Passaic,07509,RT Clifton
Paterson,Passaic,07510,RT Clifton
Paterson,Passaic,07513,RT Clifton
Paterson,Passaic,07514,RT Clifton
Paterson,Passaic,07522,RT Clifton
Paterson,Passaic,07524,RT Clifton
Paterson,Passaic,07533,RT Clifton
Paterson,Passaic,07543,RT Clifton
Paterson,Passaic,07544,RT Clifton
Paulsboro,Gloucester,08066,RT Cherry Hill
Peapack-Gladstone,Somerset,07977,RT North Brunswick
Pedricktown,Salem,08067,RT Cherry Hill
Pemberton,Burlington,08068,RT Cherry Hill
Penn Center,Philadelphia,19102,RT Cherry Hill
Penndel,Bucks,19047,RT Cherry Hill
Pennington,Mercer,08534,RT North Brunswick
Penns Grove,Salem,08069,RT Cherry Hill
Penns Park,Bucks,18943,RT Cherry Hill
Penns Park,Bucks,18943,RT Cherry Hill
Pennsauken,Camden,08110,RT Cherry Hill
PENNSBURG,Montgomery,18073,RT Cherry Hill
PENNSBURG,Montgomery,18073,RT Cherry Hill
Pennsville,Salem,08070,RT Cherry Hill
Pequannock,Morris,07440,RT Clifton
Perkasie,Bucks,18944,RT Cherry Hill
PERKIOMENVILLE,Montgomery,18074,RT Cherry Hill
PERKIOMENVILLE,Montgomery,18074,RT Cherry Hill
Perrineville,Monmouth,08535,RT North Brunswick
Perth Amboy,Middlesex,08862,RT North Brunswick
Perth Amboy,Middlesex,08861,RT North Brunswick
Phila,Philadelphia,19101,RT Cherry Hill
Phila,Philadelphia,19102,RT Cherry Hill
Phila,Philadelphia,19103,RT Cherry Hill
Phila,Philadelphia,19104,RT Cherry Hill
Phila,Philadelphia,19105,RT Cherry Hill
Phila,Philadelphia,19106,RT Cherry Hill
Phila,Philadelphia,19107,RT Cherry Hill
Phila,Philadelphia,19108,RT Cherry Hill
Phila,Philadelphia,19109,RT Cherry Hill
Phila,Philadelphia,19110,RT Cherry Hill
Phila,Philadelphia,19111,RT Cherry Hill
Phila,Philadelphia,19112,RT Cherry Hill
Phila,Philadelphia,19114,RT Cherry Hill
Phila,Philadelphia,19115,RT Cherry Hill
Phila,Philadelphia,19116,RT Cherry Hill
Phila,Philadelphia,19118,RT Cherry Hill
Phila,Philadelphia,19119,RT Cherry Hill
Phila,Philadelphia,19120,RT Cherry Hill
Phila,Philadelphia,19121,RT Cherry Hill
Phila,Philadelphia,19122,RT Cherry Hill
Phila,Philadelphia,19123,RT Cherry Hill
Phila,Philadelphia,19124,RT Cherry Hill
Phila,Philadelphia,19125,RT Cherry Hill
Phila,Philadelphia,19126,RT Cherry Hill
Phila,Philadelphia,19127,RT Cherry Hill
Phila,Philadelphia,19128,RT Cherry Hill
Phila,Philadelphia,19129,RT Cherry Hill
Phila,Philadelphia,19130,RT Cherry Hill
Phila,Philadelphia,19131,RT Cherry Hill
Phila,Philadelphia,19132,RT Cherry Hill
Phila,Philadelphia,19133,RT Cherry Hill
Phila,Philadelphia,19134,RT Cherry Hill
Phila,Philadelphia,19135,RT Cherry Hill
Phila,Philadelphia,19136,RT Cherry Hill
Phila,Philadelphia,19137,RT Cherry Hill
Phila,Philadelphia,19138,RT Cherry Hill
Phila,Philadelphia,19139,RT Cherry Hill
Phila,Philadelphia,19140,RT Cherry Hill
Phila,Philadelphia,19141,RT Cherry Hill
Phila,Philadelphia,19142,RT Cherry Hill
Phila,Philadelphia,19143,RT Cherry Hill
Phila,Philadelphia,19144,RT Cherry Hill
Phila,Philadelphia,19145,RT Cherry Hill
Phila,Philadelphia,19146,RT Cherry Hill
Phila,Philadelphia,19147,RT Cherry Hill
Phila,Philadelphia,19148,RT Cherry Hill
Phila,Philadelphia,19149,RT Cherry Hill
Phila,Philadelphia,19150,RT Cherry Hill
Phila,Philadelphia,19151,RT Cherry Hill
Phila,Philadelphia,19152,RT Cherry Hill
Phila,Philadelphia,19153,RT Cherry Hill
Phila,Philadelphia,19154,RT Cherry Hill
Phila,Philadelphia,19155,RT Cherry Hill
Phila,Philadelphia,19160,RT Cherry Hill
Phila,Philadelphia,19161,RT Cherry Hill
Phila,Philadelphia,19162,RT Cherry Hill
Phila,Philadelphia,19170,RT Cherry Hill
Phila,Philadelphia,19171,RT Cherry Hill
Phila,Philadelphia,19172,RT Cherry Hill
Phila,Philadelphia,19173,RT Cherry Hill
Phila,Philadelphia,19175,RT Cherry Hill
Phila,Philadelphia,19177,RT Cherry Hill
Phila,Philadelphia,19178,RT Cherry Hill
Phila,Philadelphia,19179,RT Cherry Hill
Phila,Philadelphia,19181,RT Cherry Hill
Phila,Philadelphia,19182,RT Cherry Hill
Phila,Philadelphia,19183,RT Cherry Hill
Phila,Philadelphia,19184,RT Cherry Hill
Phila,Philadelphia,19185,RT Cherry Hill
Phila,Philadelphia,19187,RT Cherry Hill
Phila,Philadelphia,19188,RT Cherry Hill
Phila,Philadelphia,19191,RT Cherry Hill
Phila,Philadelphia,19192,RT Cherry Hill
Phila,Philadelphia,19193,RT Cherry Hill
Phila,Philadelphia,19194,RT Cherry Hill
Phila,Philadelphia,19196,RT Cherry Hill
Phila,Philadelphia,19197,RT Cherry Hill
Philadelphia,Philadelphia,19019,RT Cherry Hill
Philadelphia,Philadelphia,19092,RT Cherry Hill
Philadelphia,Philadelphia,19093,RT Cherry Hill
Philadelphia,Philadelphia,19099,RT Cherry Hill
Philadelphia,Philadelphia,19101,RT Cherry Hill
Philadelphia,Philadelphia,19102,RT Cherry Hill
Philadelphia,Philadelphia,19103,RT Cherry Hill
Philadelphia,Philadelphia,19104,RT Cherry Hill
Philadelphia,Philadelphia,19105,RT Cherry Hill
Philadelphia,Philadelphia,19106,RT Cherry Hill
Philadelphia,Philadelphia,19107,RT Cherry Hill
Philadelphia,Philadelphia,19108,RT Cherry Hill
Philadelphia,Philadelphia,19109,RT Cherry Hill
Philadelphia,Philadelphia,19110,RT Cherry Hill
Philadelphia,Philadelphia,19111,RT Cherry Hill
Philadelphia,Philadelphia,19112,RT Cherry Hill
Philadelphia,Philadelphia,19114,RT Cherry Hill
Philadelphia,Philadelphia,19115,RT Cherry Hill
Philadelphia,Philadelphia,19116,RT Cherry Hill
Philadelphia,Philadelphia,19118,RT Cherry Hill
Philadelphia,Philadelphia,19119,RT Cherry Hill
Philadelphia,Philadelphia,19120,RT Cherry Hill
Philadelphia,Philadelphia,19121,RT Cherry Hill
Philadelphia,Philadelphia,19122,RT Cherry Hill
Philadelphia,Philadelphia,19123,RT Cherry Hill
Philadelphia,Philadelphia,19124,RT Cherry Hill
Philadelphia,Philadelphia,19125,RT Cherry Hill
Philadelphia,Philadelphia,19126,RT Cherry Hill
Philadelphia,Philadelphia,19127,RT Cherry Hill
Philadelphia,Philadelphia,19128,RT Cherry Hill
Philadelphia,Philadelphia,19129,RT Cherry Hill
Philadelphia,Philadelphia,19130,RT Cherry Hill
Philadelphia,Philadelphia,19131,RT Cherry Hill
Philadelphia,Philadelphia,19132,RT Cherry Hill
Philadelphia,Philadelphia,19133,RT Cherry Hill
Philadelphia,Philadelphia,19134,RT Cherry Hill
Philadelphia,Philadelphia,19135,RT Cherry Hill
Philadelphia,Philadelphia,19136,RT Cherry Hill
Philadelphia,Philadelphia,19137,RT Cherry Hill
Philadelphia,Philadelphia,19138,RT Cherry Hill
Philadelphia,Philadelphia,19139,RT Cherry Hill
Philadelphia,Philadelphia,19140,RT Cherry Hill
Philadelphia,Philadelphia,19141,RT Cherry Hill
Philadelphia,Philadelphia,19142,RT Cherry Hill
Philadelphia,Philadelphia,19143,RT Cherry Hill
Philadelphia,Philadelphia,19144,RT Cherry Hill
Philadelphia,Philadelphia,19145,RT Cherry Hill
Philadelphia,Philadelphia,19146,RT Cherry Hill
Philadelphia,Philadelphia,19147,RT Cherry Hill
Philadelphia,Philadelphia,19148,RT Cherry Hill
Philadelphia,Philadelphia,19149,RT Cherry Hill
Philadelphia,Philadelphia,19150,RT Cherry Hill
Philadelphia,Philadelphia,19151,RT Cherry Hill
Philadelphia,Philadelphia,19152,RT Cherry Hill
Philadelphia,Philadelphia,19153,RT Cherry Hill
Philadelphia,Philadelphia,19154,RT Cherry Hill
Philadelphia,Philadelphia,19155,RT Cherry Hill
Philadelphia,Philadelphia,19160,RT Cherry Hill
Philadelphia,Philadelphia,19161,RT Cherry Hill
Philadelphia,Philadelphia,19162,RT Cherry Hill
Philadelphia,Philadelphia,19170,RT Cherry Hill
Philadelphia,Philadelphia,19171,RT Cherry Hill
Philadelphia,Philadelphia,19172,RT Cherry Hill
Philadelphia,Philadelphia,19173,RT Cherry Hill
Philadelphia,Philadelphia,19175,RT Cherry Hill
Philadelphia,Philadelphia,19176,RT Cherry Hill
Philadelphia,Philadelphia,19177,RT Cherry Hill
Philadelphia,Philadelphia,19178,RT Cherry Hill
Philadelphia,Philadelphia,19179,RT Cherry Hill
Philadelphia,Philadelphia,19181,RT Cherry Hill
Philadelphia,Philadelphia,19182,RT Cherry Hill
Philadelphia,Philadelphia,19183,RT Cherry Hill
Philadelphia,Philadelphia,19184,RT Cherry Hill
Philadelphia,Philadelphia,19185,RT Cherry Hill
Philadelphia,Philadelphia,19187,RT Cherry Hill
Philadelphia,Philadelphia,19188,RT Cherry Hill
Philadelphia,Philadelphia,19190,RT Cherry Hill
Philadelphia,Philadelphia,19191,RT Cherry Hill
Philadelphia,Philadelphia,19192,RT Cherry Hill
Philadelphia,Philadelphia,19193,RT Cherry Hill
Philadelphia,Philadelphia,19194,RT Cherry Hill
Philadelphia,Philadelphia,19195,RT Cherry Hill
Philadelphia,Philadelphia,19196,RT Cherry Hill
Philadelphia,Philadelphia,19197,RT Cherry Hill
Philadelphia,Philadelphia,19244,RT Cherry Hill
Philadelphia,Philadelphia,19255,RT Cherry Hill
Philadelphia,Philadelphia,19118,RT Cherry Hill
Philadelphia,Philadelphia,19128,RT Cherry Hill
Philadelphia,Philadelphia,19119,RT Cherry Hill
Philadelphia,Philadelphia,19150,RT Cherry Hill
Philadelphia,Philadelphia,19138,RT Cherry Hill
Philadelphia,Philadelphia,19126,RT Cherry Hill
Philadelphia,Philadelphia,19120,RT Cherry Hill
Philadelphia,Philadelphia,19124,RT Cherry Hill
Philadelphia,Philadelphia,19137,RT Cherry Hill
Philadelphia,Philadelphia,19134,RT Cherry Hill
Philadelphia,Philadelphia,19140,RT Cherry Hill
Philadelphia,Philadelphia,19141,RT Cherry Hill
Philadelphia,Philadelphia,19144,RT Cherry Hill
Philadelphia,Philadelphia,19129,RT Cherry Hill
Philadelphia,Philadelphia,19132,RT Cherry Hill
Philadelphia,Philadelphia,19133,RT Cherry Hill
Philadelphia,Philadelphia,19125,RT Cherry Hill
Philadelphia,Philadelphia,19122,RT Cherry Hill
Philadelphia,Philadelphia,19121,RT Cherry Hill
Philadelphia,Philadelphia,19130,RT Cherry Hill
Philadelphia,Philadelphia,19123,RT Cherry Hill
Philadelphia,Philadelphia,19131,RT Cherry Hill
Philadelphia,Philadelphia,19151,RT Cherry Hill
Philadelphia,Philadelphia,19139,RT Cherry Hill
Philadelphia,Philadelphia,19104,RT Cherry Hill
Philadelphia,Philadelphia,19143,RT Cherry Hill
Philadelphia,Philadelphia,19142,RT Cherry Hill
Philadelphia,Philadelphia,19153,RT Cherry Hill
Philadelphia,Philadelphia,19103,RT Cherry Hill
Philadelphia,Philadelphia,19107,RT Cherry Hill
Philadelphia,Philadelphia,19106,RT Cherry Hill
Philadelphia,Philadelphia,19146,RT Cherry Hill
Philadelphia,Philadelphia,19147,RT Cherry Hill
Philadelphia,Philadelphia,19145,RT Cherry Hill
Philadelphia,Philadelphia,19148,RT Cherry Hill
Philadelphia,Philadelphia,19112,RT Cherry Hill
Philadelphia,Philadelphia,19102,RT Cherry Hill
Philadelphia,Philadelphia,19116,RT Cherry Hill
Philadelphia,Philadelphia,19154,RT Cherry Hill
Philadelphia,Philadelphia,19115,RT Cherry Hill
Philadelphia,Philadelphia,19114,RT Cherry Hill
Philadelphia,Philadelphia,19152,RT Cherry Hill
Philadelphia,Philadelphia,19111,RT Cherry Hill
Philadelphia,Philadelphia,19149,RT Cherry Hill
Philadelphia,Philadelphia,19136,RT Cherry Hill
Philadelphia,Philadelphia,19135,RT Cherry Hill
Phillipsburg,Warren,08865,RT Clifton
Phoenixville,Chester,19460,RT Cherry Hill
Phoenixville,Chester,19460,RT Cherry Hill
Picatinny Aresenal,Morris,07806,RT Clifton
Pilesgrove,Salem,08098,RT Cherry Hill
Pilgrim Gardens,Delaware,19026,RT Cherry Hill
Pilgrim Gardens,Delaware,19026,RT Cherry Hill
Pine Beach,Ocean,08741,RT Cherry Hill
Pine Brook,Morris,07058,RT Clifton
Pine Hill,Camden,08021,RT Cherry Hill
Pine Swamp,Chester,19520,RT Cherry Hill
Pine Swamp,Chester,19520,RT Cherry Hill
Pine Valley,Camden,08021,RT Cherry Hill
Pineville,Bucks,18946,RT Cherry Hill
Pipersville,Bucks,18947,RT Cherry Hill
Pipersville,Bucks,18947,RT Cherry Hill
Piscataway,Middlesex,08855,RT North Brunswick
Piscataway,Middlesex,08854,RT North Brunswick
Pitman,Gloucester,08071,RT Cherry Hill
Pittsgrove,Salem,08318,RT Cherry Hill
Pittstown,Hunterdon,08867,RT North Brunswick
Plainfield,Union,07060,RT North Brunswick
Plainfield,Union,07061,RT North Brunswick
Plainfield,Union,07062,RT North Brunswick
Plainfield,Union,07063,RT North Brunswick
Plainsboro,Middlesex,08536,RT North Brunswick
Pleasantville,Atlantic,08232,RT Cherry Hill
Plumsteadville,Bucks,18949,RT Cherry Hill
Plumsteadvlle,Bucks,18949,RT Cherry Hill
PLYMOUTH MEETING,Montgomery,19462,RT Cherry Hill
PLYMOUTH MEETING,Montgomery,19462,RT Cherry Hill
Pocopson,Chester,19366,RT Cherry Hill
Pocopson,Chester,19366,RT Cherry Hill
Pohatcong,Warren,08865,RT Clifton
Point Pleasant,Ocean,08742,RT Cherry Hill
Point Pleasant,Bucks,18950,RT Cherry Hill
Point Pleasant,Bucks,18950,RT Cherry Hill
Point Pleasant Beach,Ocean,08742,RT Cherry Hill
Pomeroy,Chester,19367,RT Cherry Hill
Pomeroy,Chester,19367,RT Cherry Hill
Pomona,Atlantic,08240,RT Cherry Hill
Pompton Lakes,Passaic,07442,RT Clifton
Pompton Plains,Morris,07444,RT Clifton
Port Elizabeth,Cumberland,08348,RT Cherry Hill
Port Monmouth,Monmouth,07758,RT North Brunswick
Port Murray,Warren,07865,RT Clifton
Port Murray,Warren,07865,RT Clifton
Port Norris,Cumberland,08349,RT Cherry Hill
Port Reading,Middlesex,07064,RT North Brunswick
Port Republic,Atlantic,08241,RT Cherry Hill
Pottersville,Hunterdon,08867,RT North Brunswick
Pottstown,Chester,19465,RT Cherry Hill
Pottstown,Chester,19465,RT Cherry Hill
POTTSTOWN,Montgomery,19464,RT Cherry Hill
POTTSTOWN,Montgomery,19464,RT Cherry Hill
Primos,Delaware,19018,RT Cherry Hill
Primos,Delaware,19018,RT Cherry Hill
Princeton,Mercer,08540,RT North Brunswick
Princeton,Mercer,08541,RT North Brunswick
Princeton,Mercer,08542,RT North Brunswick
Princeton,Mercer,08543,RT North Brunswick
Princeton,Mercer,08544,RT North Brunswick
Princeton Junction,Mercer,08550,RT North Brunswick
Prospect Park,Delaware,19076,RT Cherry Hill
Prospect Park,Delaware,19076,RT Cherry Hill
Prospect Park,Passaic,07508,RT Clifton
Providian Agon,Chester,19493,RT Cherry Hill
Providian Agon,Chester,19494,RT Cherry Hill
Providian Agon,Chester,19495,RT Cherry Hill
Providian Agon,Chester,19493,RT Cherry Hill
Providian Agon,Chester,19494,RT Cherry Hill
Providian Agon,Chester,19495,RT Cherry Hill
Quakertown,Bucks,18951,RT Cherry Hill
Quakertown,Hunterdon,08868,RT North Brunswick
Quinton,Salem,08072,RT Cherry Hill
Radnor,Delaware,19008,RT Cherry Hill
Radnor,Delaware,19080,RT Cherry Hill
Radnor,Delaware,19087,RT Cherry Hill
Radnor,Delaware,19088,RT Cherry Hill
Radnor,Delaware,19089,RT Cherry Hill
Radnor,Delaware,19008,RT Cherry Hill
Radnor,Delaware,19080,RT Cherry Hill
Radnor,Delaware,19087,RT Cherry Hill
Radnor,Delaware,19088,RT Cherry Hill
Radnor,Delaware,19089,RT Cherry Hill
Rahway,Union,07064,RT North Brunswick
Ramsey,Bergen,07446,RT Clifton
Rancocas,Burlington,08073,RT Cherry Hill
Randolph,Morris,07869,RT Clifton
Raritan,Somerset,08869,RT North Brunswick
Raritan Twp,Hunterdon,08822,RT North Brunswick
Readington,Hunterdon,08870,RT North Brunswick
Red Bank,Monmouth,07701,RT North Brunswick
Red Bank,Monmouth,07709,RT North Brunswick
RED HILL,Montgomery,18076,RT Cherry Hill
RED HILL,Montgomery,18076,RT Cherry Hill
Revere,Bucks,18953,RT Cherry Hill
Revere,Bucks,18953,RT Cherry Hill
Rhawnhurst,Philadelphia,19111,RT Cherry Hill
Richboro,Bucks,18954,RT Cherry Hill
Richboro,Bucks,18954,RT Cherry Hill
Richland,Atlantic,08350,RT Cherry Hill
Richlandtown,Bucks,18955,RT Cherry Hill
Richlandtown,Bucks,18955,RT Cherry Hill
Richwood,Gloucester,08074,RT Cherry Hill
Ridgefield,Bergen,07657,RT Clifton
Ridgefield Park,Bergen,07660,RT Clifton
Ridgewood,Bergen,07450,RT Clifton
Ridgewood,Bergen,07451,RT Clifton
Ridley,Delaware,19070,RT Cherry Hill
Ridley,Delaware,19070,RT Cherry Hill
Ridley Park,Delaware,19078,RT Cherry Hill
Ridley Park,Delaware,19078,RT Cherry Hill
Riegelsville,Bucks,18077,RT Cherry Hill
Ringoes,Hunterdon,08551,RT North Brunswick
Ringwood,Passaic,07456,RT Clifton
Rio Grand,Cape May,08242,RT Cherry Hill
River Edge,Bergen,07661,RT Clifton
River Vale,Bergen,07675,RT Clifton
Riverdale,Morris,07457,RT Clifton
Riverside,Burlington,08075,RT Cherry Hill
Riverton,Burlington,08076,RT Cherry Hill
Riverton,Burlington,08077,RT Cherry Hill
Robbinsville,Mercer,08691,RT North Brunswick
Rochelle Park,Bergen,07662,RT Clifton
Rockaway,Morris,07866,RT Clifton
Rockleigh,Bergen,07647,RT Clifton
Rocky Hill,Somerset,08553,RT North Brunswick
Rocky Hill,Somerset,08553,RT North Brunswick
Roebling,Burlington,08554,RT Cherry Hill
Romansville,Chester,19320,RT Cherry Hill
Romansville,Chester,19320,RT Cherry Hill
Roosevelt,Monmouth,08555,RT North Brunswick
Rose Tree,Delaware,19063,RT Cherry Hill
Rose Tree,Delaware,19063,RT Cherry Hill
Rose Valley,Delaware,19063,RT Cherry Hill
Rose Valley,Delaware,19086,RT Cherry Hill
Rose Valley,Delaware,19063,RT Cherry Hill
Rose Valley,Delaware,19086,RT Cherry Hill
Roseland,Essex,07068,RT Clifton
Roselle,Union,07203,RT North Brunswick
Roselle Park,Union,07203,RT North Brunswick
Rosemont,Delaware,19010,RT Cherry Hill
Rosemont,Delaware,19010,RT Cherry Hill
Rosemont,Hunterdon,08556,RT North Brunswick
Rosenhayn,Cumberland,08352,RT Cherry Hill
RoxburyMorris,Morris,07852,RT Clifton
ROYERSFORD,Montgomery,19468,RT Cherry Hill
ROYERSFORD,Montgomery,19468,RT Cherry Hill
Rumson,Monmouth,07760,RT North Brunswick
Runnemede,Camden,08078,RT Cherry Hill
Rushland,Bucks,18956,RT Cherry Hill
Rutherford,Bergen,07070,RT Clifton
Rutledge,Delaware,19070,RT Cherry Hill
Rutledge,Delaware,19070,RT Cherry Hill
Saddle Brook,Bergen,07663,RT Clifton
Saddle River,Bergen,07458,RT Clifton
Sadsburyville,Chester,19369,RT Cherry Hill
Sadsburyville,Chester,19369,RT Cherry Hill
Saint Davids,Delaware,19087,RT Cherry Hill
Saint Davids,Delaware,19087,RT Cherry Hill
Saint Peters,Chester,19470,RT Cherry Hill
Saint Peters,Chester,19470,RT Cherry Hill
Salem,Salem,08079,RT Cherry Hill
SALFORD,Montgomery,18957,RT Cherry Hill
SALFORD,Montgomery,18957,RT Cherry Hill
SALFORDVILLE,Montgomery,18958,RT Cherry Hill
SALFORDVILLE,Montgomery,18958,RT Cherry Hill
Sandyston,Sussex,07851,RT Clifton
SASSAMANSVILLE,Montgomery,19472,RT Cherry Hill
SASSAMANSVILLE,Montgomery,19472,RT Cherry Hill
Sayreville,Middlesex,08871,RT North Brunswick
Schooleys Mountain,Morris,07870,RT Clifton
SCHWENKSVILLE,Montgomery,19473,RT Cherry Hill
SCHWENKSVILLE,Montgomery,19473,RT Cherry Hill
Scotch Plains,Union,07076,RT North Brunswick
Sea Bright,Monmouth,07760,RT North Brunswick
Sea Girt,Monmouth,08750,RT North Brunswick
Sea Isle City,Cape May,08243,RT Cherry Hill
Seaside Heights,Ocean,08751,RT Cherry Hill
Seaside Park,Ocean,08752,RT Cherry Hill
Secane,Delaware,19018,RT Cherry Hill
Secane,Delaware,19018,RT Cherry Hill
Secaucus,Hudson,07094,RT North Brunswick
Secaucus,Hudson,07096,RT North Brunswick
Sellersville,Bucks,18960,RT Cherry Hill
Sergeantsville,Hunterdon,08557,RT North Brunswick
Sewaren,Middlesex,07077,RT North Brunswick
Sewell,Gloucester,08080,RT Cherry Hill
Shamong,Burlington,08088,RT Cherry Hill
Sharon Hill,Delaware,19079,RT Cherry Hill
Sharon Hill,Delaware,19079,RT Cherry Hill
Shiloh,Cumberland,08353,RT Cherry Hill
Ship Bottom,Ocean,08008,RT Cherry Hill
Short Hills,Essex,07078,RT Clifton
Shrewsbury,Monmouth,07702,RT North Brunswick
Sicklerville,Camden,08081,RT Cherry Hill
Silver Ridge,Ocean,08757,RT Cherry Hill
Silverdale,Bucks,18962,RT Cherry Hill
Skilman,Somerset,08558,RT North Brunswick
Skilman,Somerset,08558,RT North Brunswick
SKIPPACK,Montgomery,19474,RT Cherry Hill
SKIPPACK,Montgomery,19474,RT Cherry Hill
Solebury,Bucks,18963,RT Cherry Hill
Solebury,Bucks,18963,RT Cherry Hill
Somerdale,Camden,08083,RT Cherry Hill
Somers Point,Atlantic,08244,RT Cherry Hill
Somerville,Somerset,08876,RT North Brunswick
SOUDERTON,Montgomery,18964,RT Cherry Hill
SOUDERTON,Montgomery,18964,RT Cherry Hill
South Amboy,Middlesex,08879,RT North Brunswick
South Bound Brook,Somerset,08880,RT North Brunswick
South Brunswick,Middlesex,08852,RT North Brunswick
South Dennis,Cape May,08245,RT Cherry Hill
South Hackensack,Bergen,07606,RT Clifton
South Harrison,Gloucester,08062,RT Cherry Hill
South Orange Village Township,Essex,07079,RT Clifton
South Plainfield,Middlesex,07080,RT North Brunswick
South River,Middlesex,08882,RT North Brunswick
South Seaville,Cape May,08246,RT Cherry Hill
South Toms River,Ocean,08757,RT Cherry Hill
Southampton,Burlington,08088,RT Cherry Hill
Southampton,Bucks,18954,RT Cherry Hill
Southampton,Bucks,18966,RT Cherry Hill
Southeastern,Chester,19397,RT Cherry Hill
Southeastern,Chester,19398,RT Cherry Hill
Southeastern,Chester,19399,RT Cherry Hill
Southeastern,Chester,19397,RT Cherry Hill
Southeastern,Chester,19398,RT Cherry Hill
Southeastern,Chester,19399,RT Cherry Hill
Sparta,Sussex,07871,RT Clifton
Spinnerstown,Bucks,18968,RT Cherry Hill
Spotswood,Middlesex,08884,RT North Brunswick
Spring City,Chester,19475,RT Cherry Hill
Spring City,Chester,19475,RT Cherry Hill
SPRING HOUSE,Montgomery,19477,RT Cherry Hill
SPRING HOUSE,Montgomery,19477,RT Cherry Hill
Spring Lake,Monmouth,07762,RT North Brunswick
Spring Lake Heights,Monmouth,07762,RT North Brunswick
SPRING MOUNT,Montgomery,19478,RT Cherry Hill
SPRING MOUNT,Montgomery,19478,RT Cherry Hill
Springfield,Delaware,19064,RT Cherry Hill
Springfield,Delaware,19064,RT Cherry Hill
Springfield,Philadelphia,19118,RT Cherry Hill
Springfield,Union,07081,RT North Brunswick
Springtown,Bucks,18081,RT Cherry Hill
Stanhope,Sussex,07874,RT Clifton
Stanton,Hunterdon,08885,RT North Brunswick
Steelville,Chester,19310,RT Cherry Hill
Steelville,Chester,19310,RT Cherry Hill
Stewartsville,Warren,08886,RT Clifton
Stewartsville,Warren,08886,RT Clifton
Stillwater,Sussex,07875,RT Clifton
Stirling,Morris,07980,RT Clifton
Stockholm,Sussex,07460,RT Clifton
Stockton,Hunterdon,08559,RT North Brunswick
Stone Harbor,Cape May,08247,RT Cherry Hill
Stow Creek,Cumberland,08302,RT Cherry Hill
Strafford,Delaware,19087,RT Cherry Hill
Strafford,Delaware,19087,RT Cherry Hill
Stratford,Camden,08084,RT Cherry Hill
Strathmere,Cape May,08248,RT Cherry Hill
Summit,Union,07901,RT North Brunswick
Summit,Union,07902,RT North Brunswick
SUMNEYTOWN,Montgomery,18084,RT Cherry Hill
SUMNEYTOWN,Montgomery,18084,RT Cherry Hill
Suplee,Chester,19371,RT Cherry Hill
Suplee,Chester,19371,RT Cherry Hill
Surf City,Ocean,08008,RT Cherry Hill
Sussex,Sussex,07461,RT Clifton
Swarthmore,Delaware,19081,RT Cherry Hill
Swarthmore,Delaware,19081,RT Cherry Hill
Swartswood,Sussex,07877,RT Clifton
Swedesboro,Gloucester,08085,RT Cherry Hill
Tabernacle,Burlington,08016,RT Cherry Hill
Tavistock,Camden,08033,RT Cherry Hill
Teaneck,Bergen,07666,RT Clifton
TELFORD,Montgomery,18969,RT Cherry Hill
TELFORD,Montgomery,18969,RT Cherry Hill
Tenafly,Bergen,07670,RT Clifton
Tennent,Monmouth,07763,RT North Brunswick
Teterboro,Bergen,07608,RT Clifton
Teterboro,Bergen,07699,RT Clifton
Tewksbury,Hunterdon,07830,RT North Brunswick
Thorndale,Chester,19372,RT Cherry Hill
Thorndale,Chester,19372,RT Cherry Hill
Thornton,Delaware,19373,RT Cherry Hill
Thornton,Delaware,19373,RT Cherry Hill
Thorofare,Gloucester,08086,RT Cherry Hill
Three Bridges,Hunterdon,08887,RT North Brunswick
Tinicum,Delaware,19029,RT Cherry Hill
Tinicum,Delaware,19029,RT Cherry Hill
Tinicum Township,Delaware,19029,RT Cherry Hill
Tinicum Township,Delaware,19029,RT Cherry Hill
Tinton Falls,Monmouth,07724,RT North Brunswick
Toms River,Ocean,08753,RT Cherry Hill
Toms River,Ocean,08754,RT Cherry Hill
Toms River,Ocean,08755,RT Cherry Hill
Toms River,Ocean,08756,RT Cherry Hill
Toms River,Ocean,08757,RT Cherry Hill
Torresdale South,Philadelphia,19114,RT Cherry Hill
Totawa,Passaic,07512,RT Clifton
Totowa,Passaic,07511,RT Clifton
Toughkenamon,Chester,19374,RT Cherry Hill
Toughkenamon,Chester,19374,RT Cherry Hill
Towaco,Morris,07082,RT Clifton
Tranquility,Sussex,07879,RT Clifton
Tredyffrin,Chester,19312,RT Cherry Hill
Tredyffrin,Chester,19312,RT Cherry Hill
Trenton,Mercer,08601,RT North Brunswick
Trenton,Mercer,08602,RT North Brunswick
Trenton,Mercer,08603,RT North Brunswick
Trenton,Mercer,08604,RT North Brunswick
Trenton,Mercer,08605,RT North Brunswick
Trenton,Mercer,08606,RT North Brunswick
Trenton,Mercer,08607,RT North Brunswick
Trenton,Mercer,08608,RT North Brunswick
Trenton,Mercer,08609,RT North Brunswick
Trenton,Mercer,08610,RT North Brunswick
Trenton,Mercer,08611,RT North Brunswick
Trenton,Mercer,08618,RT North Brunswick
Trenton,Mercer,08619,RT North Brunswick
Trenton,Mercer,08620,RT North Brunswick
Trenton,Mercer,08625,RT North Brunswick
Trenton,Mercer,08628,RT North Brunswick
Trenton,Mercer,08629,RT North Brunswick
Trenton,Mercer,08638,RT North Brunswick
Trenton,Mercer,08645,RT North Brunswick
Trenton,Mercer,08646,RT North Brunswick
Trenton,Mercer,08647,RT North Brunswick
Trenton,Mercer,08648,RT North Brunswick
Trenton,Mercer,08650,RT North Brunswick
Trenton,Mercer,08666,RT North Brunswick
Trenton,Mercer,08677,RT North Brunswick
Trenton,Mercer,08690,RT North Brunswick
Trenton,Mercer,08691,RT North Brunswick
Trenton,Mercer,08695,RT North Brunswick
Trevose,Bucks,19048,RT Cherry Hill
Trevose,Bucks,19049,RT Cherry Hill
Trevose,Bucks,19053,RT Cherry Hill
Trevose,Bucks,19048,RT Cherry Hill
Trumbauersville,Bucks,18970,RT Cherry Hill
Trumbaursvlle,Bucks,18970,RT Cherry Hill
Trumbaversville,Bucks,18970,RT Cherry Hill
Tuckahoe,Cape May,08250,RT Cherry Hill
Tuckerton,Ocean,08087,RT Cherry Hill
Tullytown,Bucks,19007,RT Cherry Hill
Twin Oaks,Delaware,19014,RT Cherry Hill
Twin Oaks,Delaware,19014,RT Cherry Hill
TYLERSPORT,Montgomery,18971,RT Cherry Hill
TYLERSPORT,Montgomery,18971,RT Cherry Hill
Union,Union,07083,RT North Brunswick
Union Beach,Monmouth,07735,RT North Brunswick
Union City,Hudson,07087,RT North Brunswick
Union City,Hudson,07087,RT North Brunswick
Union TWP,Hunterdon,08827,RT North Brunswick
Unionville,Chester,19375,RT Cherry Hill
Unionville,Chester,19375,RT Cherry Hill
Upland,Delaware,19013,RT Cherry Hill
Upland,Delaware,19015,RT Cherry Hill
Upland,Delaware,19013,RT Cherry Hill
Upland,Delaware,19015,RT Cherry Hill
Upper Black Eddy,Bucks,18972,RT Cherry Hill
Upper Black Eddy,Bucks,18972,RT Cherry Hill
Upper Chichester,Delaware,19013,RT Cherry Hill
Upper Chichester,Delaware,19014,RT Cherry Hill
Upper Chichester,Delaware,19060,RT Cherry Hill
Upper Chichester,Delaware,19061,RT Cherry Hill
Upper Chichester,Delaware,19013,RT Cherry Hill
Upper Chichester,Delaware,19014,RT Cherry Hill
Upper Chichester,Delaware,19060,RT Cherry Hill
Upper Chichester,Delaware,19061,RT Cherry Hill
Upper Darby,Delaware,19082,RT Cherry Hill
Upper Darby,Delaware,19082,RT Cherry Hill
Upper Deerfield,Cumberland,08302,RT Cherry Hill
Upper Freehold,Monmouth,08514,RT North Brunswick
Upper Holland,Bucks,19047,RT Cherry Hill
Upper Holland,Bucks,19053,RT Cherry Hill
Upper Makefield,Bucks,18940,RT Cherry Hill
Upper Pittsgrove,Salem,08318,RT Cherry Hill
Upper Providence,Delaware,19063,RT Cherry Hill
Upper Providence,Delaware,19063,RT Cherry Hill
Upper Saddle River,Bergen,07458,RT Clifton
Uppr Blck Edy,Bucks,18972,RT Cherry Hill
Uppr Chichstr,Delaware,19013,RT Cherry Hill
Uppr Chichstr,Delaware,19014,RT Cherry Hill
Uppr Chichstr,Delaware,19061,RT Cherry Hill
Uppr Chichstr,Delaware,19013,RT Cherry Hill
Uppr Chichstr,Delaware,19014,RT Cherry Hill
Uppr Chichstr,Delaware,19061,RT Cherry Hill
Upr Makefield,Bucks,18940,RT Cherry Hill
Uwchland,Chester,19480,RT Cherry Hill
Uwchland,Chester,19480,RT Cherry Hill
Valley Forge,Chester,19481,RT Cherry Hill
Valley Forge,Chester,19482,RT Cherry Hill
Valley Forge,Chester,19493,RT Cherry Hill
Valley Forge,Chester,19494,RT Cherry Hill
Valley Forge,Chester,19495,RT Cherry Hill
Valley Forge,Chester,19496,RT Cherry Hill
Valley Forge,Chester,19481,RT Cherry Hill
Valley Forge,Chester,19482,RT Cherry Hill
Valley Forge,Chester,19493,RT Cherry Hill
Valley Forge,Chester,19494,RT Cherry Hill
Valley Forge,Chester,19495,RT Cherry Hill
Valley Forge,Chester,19496,RT Cherry Hill
VALLEY FORGE,Montgomery,19484,RT Cherry Hill
VALLEY FORGE,Montgomery,19484,RT Cherry Hill
Valley Township,Chester,19320,RT Cherry Hill
Valley Township,Chester,19320,RT Cherry Hill
Vauxhall,Union,07088,RT North Brunswick
Ventnor City,Atlantic,08406,RT Cherry Hill
Vernon,Sussex,07462,RT Clifton
Verona,Essex,07044,RT Clifton
Victory Gardens,Morris,07801,RT Clifton
Vienna,Warren,07880,RT Clifton
Vienna,Warren,07880,RT Clifton
Village Green,Delaware,19013,RT Cherry Hill
Village Green,Delaware,19013,RT Cherry Hill
Villanova,Delaware,19085,RT Cherry Hill
Villanova,Delaware,19085,RT Cherry Hill
Villas,Cape May,08251,RT Cherry Hill
Vineland,Cumberland,08360,RT Cherry Hill
Vineland,Cumberland,08361,RT Cherry Hill
Vineland,Cumberland,08362,RT Cherry Hill
Voorhees,Camden,08043,RT Cherry Hill
Wagontown,Chester,19376,RT Cherry Hill
Wagontown,Chester,19376,RT Cherry Hill
Waldwick,Bergen,07463,RT Clifton
Wall,Monmouth,07719,RT North Brunswick
Wallingford,Delaware,19086,RT Cherry Hill
Wallingford,Delaware,19086,RT Cherry Hill
Wallington,Bergen,07057,RT Clifton
Walpack,Sussex,07881,RT Clifton
Wanaque,Passaic,07465,RT Clifton
Wantage,Sussex,07461,RT Clifton
Waretown,Ocean,08758,RT Cherry Hill
Warminster,Bucks,18974,RT Cherry Hill
Warminster,Bucks,18991,RT Cherry Hill
Warminster,Bucks,18974,RT Cherry Hill
Warminster,Bucks,18991,RT Cherry Hill
Warren,Somerset,07059,RT North Brunswick
Warrington,Bucks,18976,RT Cherry Hill
Warwick,Bucks,18974,RT Cherry Hill
Washington,Gloucester,08080,RT Cherry Hill
Washington,Burlington,08055,RT Cherry Hill
Washington,Bergen,07676,RT Clifton
Washington,Warren,07882,RT Clifton
Washington Crossing,Bucks,18977,RT Cherry Hill
Washington Crossing,Bucks,18977,RT Cherry Hill
Watchung,Somerset,07069,RT North Brunswick
Waterford,Camden,08089,RT Cherry Hill
Wayne,Delaware,19080,RT Cherry Hill
Wayne,Delaware,19087,RT Cherry Hill
Wayne,Delaware,19088,RT Cherry Hill
Wayne,Delaware,19089,RT Cherry Hill
Wayne,Delaware,19080,RT Cherry Hill
Wayne,Delaware,19087,RT Cherry Hill
Wayne,Delaware,19088,RT Cherry Hill
Wayne,Delaware,19089,RT Cherry Hill
Wayne,Passaic,07470,RT Clifton
Wayne,Passaic,07474,RT Clifton
Wayne,Passaic,07477,RT Clifton
Weehawken,Hudson,07086,RT North Brunswick
Wenonah,Gloucester,08090,RT Cherry Hill
West Amwell,Hunterdon,08827,RT North Brunswick
West Atlee Burpee Co,Bucks,18991,RT Cherry Hill
West Berlin,Camden,08091,RT Cherry Hill
West Bradford,Chester,19320,RT Cherry Hill
West Bradford,Chester,19335,RT Cherry Hill
West Bradford,Chester,19380,RT Cherry Hill
West Bradford,Chester,19320,RT Cherry Hill
West Bradford,Chester,19335,RT Cherry Hill
West Bradford,Chester,19380,RT Cherry Hill
West Brandywine,Chester,19320,RT Cherry Hill
West Brandywine,Chester,19343,RT Cherry Hill
West Brandywine,Chester,19344,RT Cherry Hill
West Brandywine,Chester,19320,RT Cherry Hill
West Brandywine,Chester,19343,RT Cherry Hill
West Brandywine,Chester,19344,RT Cherry Hill
West Bristol,Bucks,19007,RT Cherry Hill
West Caldwell,Essex,07006,RT Clifton
West Cape May,Cape May,08204,RT Cherry Hill
West Chester,Chester,19380,RT Cherry Hill
West Chester,Chester,19381,RT Cherry Hill
West Chester,Chester,19382,RT Cherry Hill
West Chester,Chester,19383,RT Cherry Hill
West Chester,Chester,19388,RT Cherry Hill
West Chester,Chester,19380,RT Cherry Hill
West Chester,Chester,19381,RT Cherry Hill
West Chester,Chester,19382,RT Cherry Hill
West Chester,Chester,19383,RT Cherry Hill
West Chester,Chester,19388,RT Cherry Hill
West Creek,Ocean,08092,RT Cherry Hill
West Deptford,Gloucester,08051,RT Cherry Hill
West Grove,Chester,19390,RT Cherry Hill
West Grove,Chester,19390,RT Cherry Hill
West Long Branch,Monmouth,07764,RT North Brunswick
West Milford,Passaic,07480,RT Clifton
West New York,Hudson,07093,RT North Brunswick
West Orange,Essex,07052,RT Clifton
WEST POINT,Montgomery,19486,RT Cherry Hill
WEST POINT,Montgomery,19486,RT Cherry Hill
West Wildwood,Cape May,08260,RT Cherry Hill
West Windsor,Mercer,08550,RT North Brunswick
Westampton,Burlington,08060,RT Cherry Hill
Westbrook Park,Delaware,19018,RT Cherry Hill
Westbrook Park,Delaware,19018,RT Cherry Hill
Westfield,Union,07090,RT North Brunswick
Westfield,Union,07901,RT North Brunswick
Westtown,Chester,19395,RT Cherry Hill
Westtown,Chester,19395,RT Cherry Hill
Westville,Gloucester,08093,RT Cherry Hill
Westwood,Bergen,07675,RT Clifton
Weymouth,Atlantic,08330,RT Cherry Hill
Wharton,Morris,07885,RT Clifton
Whippany,Morris,07981,RT Clifton
Whippany,Morris,07983,RT Clifton
Whippany,Morris,07999,RT Clifton
White,Warren,07823,RT Clifton
Whitehouse,Hunterdon,08888,RT North Brunswick
Whitehouse Station,Hunterdon,08889,RT North Brunswick
Whitesboro,Cape May,08252,RT Cherry Hill
Wildwood,Cape May,08260,RT Cherry Hill
Wildwood Crest,Cape May,08260,RT Cherry Hill
Williamstown,Gloucester,08094,RT Cherry Hill
Willingboro,Burlington,08046,RT Cherry Hill
WILLOW GROVE,Montgomery,19090,RT Cherry Hill
WILLOW GROVE,Montgomery,19090,RT Cherry Hill
Windsor,Mercer,08651,RT North Brunswick
Windsor,Mercer,08651,RT North Brunswick
Winfield Park,Union,07036,RT North Brunswick
Winslow,Camden,08095,RT Cherry Hill
Woodbine,Cape May,08270,RT Cherry Hill
Woodbridge,Middlesex,07095,RT North Brunswick
Woodbury,Gloucester,08096,RT Cherry Hill
Woodbury Heights,Gloucester,08097,RT Cherry Hill
Woodcliff Lake,Bergen,07677,RT Clifton
Woodland,Burlington,08019,RT Cherry Hill
Woodland Park,Passaic,07424,RT Clifton
Woodlyn,Delaware,19094,RT Cherry Hill
Woodlyn,Delaware,19094,RT Cherry Hill
Woodlynne,Camden,08107,RT Cherry Hill
Wood-Ridge,Bergen,07075,RT Clifton
Woodstown,Salem,08098,RT Cherry Hill
Woodstown,Salem,08098,RT Cherry Hill
Woolwich,Gloucester,08028,RT Cherry Hill
WORCESTER,Montgomery,19490,RT Cherry Hill
WORCESTER,Montgomery,19490,RT Cherry Hill
WOXALL,Montgomery,18979,RT Cherry Hill
WOXALL,Montgomery,18979,RT Cherry Hill
Wrightstown,Burlington,08562,RT Cherry Hill
Wrightstown,Bucks,18940,RT Cherry Hill
Wrightstown,Bucks,18940,RT Cherry Hill
Wshngtn Crossing,Bucks,18977,RT Cherry Hill
Wyckoff,Bergen,07481,RT Clifton
Wycombe,Bucks,18980,RT Cherry Hill
WYNCOTE,Montgomery,19095,RT Cherry Hill
WYNCOTE,Montgomery,19095,RT Cherry Hill
WYNNEWOOD,Montgomery,19096,RT Cherry Hill
WYNNEWOOD,Montgomery,19096,RT Cherry Hill
Yardley,Bucks,19067,RT Cherry Hill
Yeadon,Delaware,19050,RT Cherry Hill
Yeadon,Delaware,19050,RT Cherry Hill
Zarephath,Somerset,08890,RT North Brunswick
ZIEGLERVILLE,Montgomery,19492,RT Cherry Hill
ZIEGLERVILLE,Montgomery,19492,RT Cherry Hill
Zionhill,Bucks,18981,RT Cherry Hill
